PC1,PC2,PC3
1.327323447254401545e+00,9.595963717766405054e-02,5.314032505828918396e-01
-7.371898296737603218e+00,9.136661818495637188e-01,9.939451680687760859e-02
2.965714806741286846e+00,-1.309132827980534097e+00,4.187602904412753013e-02
-1.760819718430068237e+00,-1.393624426405224437e+00,1.022633463172007429e-01
-7.188855974623056255e-01,-8.408355570553989189e-01,-1.809530192311813224e+00
-7.302340537250839425e+00,1.479728927367764868e+01,6.937868012709630605e+00
-5.099444753326399571e+00,4.262267533345805326e+00,1.138833717764054398e+00
6.763144503077521685e-01,4.317282390257682678e+00,1.755280278305413777e+00
5.225831235830162846e+00,-9.007769330925530227e-01,9.292393011353707877e-01
-1.026275519816092441e+00,-1.734883691651252891e+00,6.294174262681411225e-01
2.000806475629026693e+00,-2.573981788080227928e-01,-2.390217989792561837e-01
1.369711009219308995e+00,1.095356898844231264e+00,2.520555117041334281e-01
6.014575234573917850e-01,2.963067478410864597e-01,-2.521412484918478025e+00
1.043948427018276393e+00,9.642021191520444567e-02,5.970336123496284841e-01
-6.204102592523381698e-01,-1.185914923156855538e+00,5.661480864067326424e-01
-1.832891893041394216e+00,8.556315507696236056e-01,-2.417491182501055214e+00
-6.926163110291096991e-01,-4.016554779163112321e-01,-1.685531084054820328e+00
7.297707114818592355e-01,8.049073920020177297e+00,2.111339842362467856e+00
-1.035373888399714115e+00,1.710253039501969052e+00,-1.733261424445601273e+00
-3.166564947771317584e-01,1.586389472331861672e-01,-1.417171159436924510e+00
-7.775673315684154652e+00,1.978107082104641279e+01,1.062374871158646528e+01
-4.469425680070034934e-01,6.864233554045942043e-01,2.231422924749115189e-01
8.825017034969298013e-01,1.940311411296038901e+00,-1.627313560849420471e+00
-7.116728275725888508e+00,-1.607082582666848447e+00,-1.738973170977920757e-01
2.042859630587187780e+00,1.103307632586139342e-01,2.738041011359204635e-01
-1.380518412494930347e+00,6.481690506731948576e-01,8.797660060777656721e-01
1.700307657973319175e+00,1.312682724130612488e+00,2.205417653723904969e+00
1.290322504135468007e+00,2.425143941473287823e-01,5.886531816216956647e-01
7.901502626460529255e-01,5.786240511826580279e-01,1.545991479455283812e+00
-1.798847472892612931e+00,-1.270990389592509651e+00,3.643678208717321398e-01
1.633325994428737049e+00,4.604881631429942890e-01,1.990611616179914223e-01
-2.170110244926360954e-01,1.443739188634286241e-01,-1.028384939396169040e+00
1.049886588903795159e+00,-1.941025091921555923e+00,4.858531960604105748e+00
2.424030627320281184e+00,-1.355910504038219777e+00,3.735215050579531737e-01
-2.293286887571042154e-01,5.395302705462270976e-02,-6.027639391437890071e-01
-4.352042127905390023e-01,-1.050786691284500529e+00,8.587552981940963504e-01
-6.992716996904089211e-01,-1.249863130406313194e-01,4.012422158039752329e-02
5.371662449326157496e-02,2.089342561705854528e+00,-3.581016756633792930e+00
1.560979930175878105e-01,3.542032089588677546e-01,-4.815332160886566792e-01
7.311408604030337877e+00,3.164833284089378029e+00,2.522720752372515918e+00
-1.325229664772641813e+00,2.463497899289180532e-02,2.364748273035455761e-01
1.640980833953029183e+00,-1.966039534049115467e-01,-1.277449983250247723e+00
-1.041627534636996533e+00,3.698178928674651367e-01,1.455849857594117669e+00
4.932954264895593965e+00,-1.024156411911634867e+00,1.712566178209308898e+00
5.388400369224072284e-01,8.842485942321451908e-01,-2.423299299461689760e+00
5.212500166949278757e-01,-2.928382731433125108e-01,6.452485621887432687e-02
3.605482060452543713e+00,3.687754545652345950e+00,-1.582548439754545289e+00
-2.387725973105378152e+00,-1.198426000071661779e+00,6.266668850721874851e-01
1.554385138826399171e+00,4.023246739287858476e-01,-8.017594831615432183e-01
1.130751419892843446e+00,9.889640292691401768e-01,-6.928075701251921181e-01
-9.006116662813501428e-01,-1.451740859821982532e+00,-1.177683118406514851e+00
5.913810284530996997e-01,4.788740374992477289e-01,-4.425367158481623986e-01
7.711904076725168977e-01,6.205520305796660807e+00,1.174116129141442366e+00
1.188538468176478125e+00,-7.563033032759050034e-01,1.045132038832412125e+00
1.109667456487760662e-01,8.642526633702778405e-01,-2.501098778404182266e+00
9.811317274445188197e-01,1.145515679013373145e+00,-2.449465900943604613e+00
1.585833639669931072e+00,1.408797640028557119e+00,-1.037525712125276778e-01
-3.667228140921673374e-01,-4.734705466736655599e-01,1.390085275526082187e+00
-1.488979549487803589e-01,4.200079379231734800e-01,-3.229013038498316224e+00
3.259148254308624981e+00,4.130324423427664815e-01,1.009174234706650797e+00
1.814746989473457583e+00,1.460218284788864784e-01,-1.793737395377646759e+00
1.170510472942911218e+00,-1.353143242203802110e+00,1.087788899641646267e+00
-1.246701149404802367e+00,6.231029601279350905e-01,-1.618307479072217170e+00
1.957119070512625403e-01,3.258263125598539478e+00,-8.752549539874662776e-02
6.882552627839215453e-02,2.456548944168727988e-01,-1.422101421594101245e+00
1.440857636599247904e+01,2.671466974622570767e+00,1.037979065990136007e+00
-8.895324676648193041e-01,-9.157240224928964167e-01,2.452201504936541543e+00
-1.762413217209216898e-01,-8.943370063496501876e-01,4.286665710507817084e-02
6.834914984415315642e-01,-5.216081587344167936e-01,7.876145226722244264e-01
-2.518240701590634067e+00,-3.799827372643918011e-01,1.660402373469764548e-01
-5.345972056885994750e-01,1.136906293074328556e+00,-1.061492755939625887e+00
-3.004000343304479959e+00,-8.438061867670318406e-02,-1.719980539196564129e+00
2.132044010966535341e-01,2.915702384942826519e-01,-1.715532890339393823e+00
-9.100072736029779508e-01,2.372096558026739910e+00,-1.566994678766964189e+00
5.628761587320743054e-01,3.595442975873198055e+00,-2.276513986533455824e+00
-7.247271192607482426e+00,-1.637868233900898751e+00,-5.322518029007425877e-01
-5.663034944063702891e-01,2.087535827316642312e+01,7.096766692503292617e+00
-9.626375895623486834e-01,1.551682797592293106e-01,-6.183627201311805988e-02
7.913580885423178168e-01,7.931603334719364851e-01,-7.965562835242794293e-01
-2.182642870402918156e+00,-9.132594029542675518e-01,-4.645981937708008047e-01
5.963220097103300033e-02,-5.618500172003195736e-01,-1.111811319300119560e+00
4.140512873524282988e-01,-2.498652626557162082e-01,-2.325920276861067060e-01
-7.359582241523518475e-02,2.216179286014654526e-01,-1.085114664628199055e+00
-5.719425229510008535e+00,-1.179863453481555524e-02,-1.267313455984952375e+00
3.598118852391248290e-01,1.029426860905528152e+00,-2.272321581733726781e+00
-2.745516696103461829e+00,-2.105166214283880066e+00,7.072048007274873704e-01
1.935365446154126978e+00,4.016601414137110221e-02,-1.294736418876949735e-01
-4.745014429566368541e+00,1.289617801308135636e+00,-8.570080042902126216e-01
-1.602215841589813006e-01,2.804236795233324142e-01,-1.514706569338388764e+00
6.239978631945907184e-01,-5.179206395137785357e-01,2.194325507509007345e-01
4.795342012535886433e-01,3.917804818667447453e+00,1.694567189684432318e+00
1.876248493678017271e+00,5.847255438580860165e+00,1.733728962042568655e+00
9.139527358791231793e-01,1.740732661135906856e+00,-3.816654741044268606e-01
1.345767128950533742e+00,-7.170417126663635177e-01,-1.151827910674630973e+00
1.130575029965962042e+00,-1.034569318389465309e+00,-3.038034547274570119e-01
8.583275294577447312e+00,-1.200834695316704698e-01,-6.784764601315484978e-01
1.578011268697211422e+00,-1.193595366280691517e+00,4.118972236106196227e+00
3.008435756481676826e+00,-2.784214759934886541e-01,-5.527755788266098813e-01
1.511914240975543944e+00,1.620613412402388320e+00,1.651970087421665179e+00
-9.711294811710404762e-01,-1.623210767357665896e+00,1.987484177789715645e+00
1.801479792684729464e+00,1.431368851677866205e+00,-9.125127845967324625e-01
4.553691708758303314e+00,2.066389565077771717e+00,-1.041347759763321834e+00
-3.396935438265504814e-01,2.520897002750674964e-01,3.168018456597844201e-01
-1.295197196131456230e-01,-5.268753085991417784e-01,-1.823123173043356582e+00
6.948221477154268300e-01,-8.991156278691227188e-02,5.792856473641695425e-01
8.032715631693178038e-01,-2.927434838321932187e+00,2.695232157643018489e+00
1.902963843111703079e+00,1.108612602359604793e+01,-2.462933669920296387e-01
6.885429224825786676e+00,1.787461846813313215e+00,1.672526710964660879e+00
-2.885238687537844404e-01,-2.218137382065293872e-02,-1.282391045730779888e+00
-4.184527559253661128e-02,-1.753869001102419167e+00,1.847359265684727525e+00
1.274106370996046289e+00,1.081046627840445140e+00,-3.696507239235196085e+00
3.255517123959248971e-01,2.662552836456257399e+00,2.743766938882631345e-01
9.439718631973671448e-01,-3.203295911662037421e-01,-3.907202279618395280e-01
3.372217536909864588e+00,5.026241334293719554e-01,-1.602267523363596124e+00
-3.124798662908923053e-01,-1.745498850835178195e-01,3.458110604210503092e-01
5.850755761083402673e-01,1.413317873168309591e+00,-2.152354459469277614e+00
-1.954769308027044794e-02,2.451328818331965920e+00,-2.986040830203302576e+00
-8.130481841522508857e-01,-1.115615877672095246e+00,9.551671300061262970e-01
8.347576446853069987e-01,1.514042667442672796e+00,-6.029494006041166698e-02
1.888251711875766015e+00,-2.790082391891767211e-01,2.739378477459214478e-01
2.140120983392621579e-01,-9.342825996775323549e-01,7.770855335468964675e-01
2.483817478333197659e+00,-6.891136460929878638e-01,1.604239926886501078e+00
2.803350706801128189e-01,5.845257227954295809e-01,7.581000609483720121e-01
-7.522771147583720008e-01,3.039239264812226615e+00,-2.002018419171167074e-01
1.151880485189521686e+00,-5.693153612537006636e-02,4.151509044592448516e-01
-1.579523300366169947e+00,-1.328423553432013238e+00,-6.667377031378745045e-01
-6.058774274757885436e+00,-8.078833363229362963e-01,1.052639007013179917e+00
-4.326395946574618789e-01,-1.830191782986463123e+00,2.241050051247648334e+00
-6.888294557528657158e+00,5.488929719115042127e-01,-1.854282916803660530e+00
8.894554551871947101e-01,-1.041655482944172234e-01,1.914340792491015408e+00
2.903972354755328222e+00,-3.585936009734599361e-01,1.030810635825679222e+00
-3.847361312836205638e+00,-1.242300830731339900e+00,1.480201312176513961e-01
-6.785555298992879125e-01,-6.901330487438069872e-01,-8.512077484916553693e-01
-4.813037484365169094e-01,-1.025025323520548426e+00,1.331484936199405666e+00
-3.138767610831483257e-01,-1.105797701621464180e+00,2.911145004775292033e+00
7.065160348013845848e-01,-4.937303960366021260e-01,2.036871072792262538e+00
-2.200778796987838959e+00,-3.613743706543541823e-01,-1.549221800018848683e+00
4.183368173277030588e-01,1.431581878476381187e+00,5.729980947099969635e-01
-4.648201211098195174e+00,1.555713031666779322e+00,1.011834215399737280e-02
1.668116932243424833e+00,3.041683923288458047e+00,1.636255317377061980e+00
4.442314059259765413e-01,1.043989719163861185e+00,-3.078195056819140518e+00
3.157144481724704299e+00,1.729664110283423595e+00,-1.982562323643020097e+00
1.070197262053882659e+00,1.634266357913439549e+00,1.512367097250442827e+00
4.570184123275595756e-01,1.275902186001963035e+00,3.698736908041520888e+00
-1.723540788059972240e+00,-4.257368058890749207e-01,-5.646332470472206766e-02
1.088965113095601733e+00,1.113426315057466365e+00,-2.028416974722390798e+00
-8.854233490690580077e-02,-8.914775015410095205e-02,-2.250346451641285217e-01
9.666759938567985877e-01,1.628901906600524474e-01,1.093237069718826282e+00
5.431926041265275895e-01,-3.801647201290746514e-01,-6.041081438109247026e-01
-3.201689957727042124e+00,1.268141020747212355e+00,1.232504166759369912e+00
1.956820021450627056e+00,-1.448748929495027538e+00,1.584963941070200111e+00
3.081089610881177498e-01,-1.474381203786272465e+00,6.628728975518639599e-01
1.031360246181584728e+00,-4.878772449672227340e-01,8.790731667092965829e-01
3.775768141516248899e-02,2.535593659559398194e+00,1.308242673024851976e+00
-8.200813434558577697e+00,3.387721061269253653e+00,4.160819017300063649e+00
1.327977016080899686e+00,-6.804855757060981336e-01,8.907902158925793401e-01
-1.265832757633276323e-02,1.291121289668359262e+00,-5.454595813143628957e-01
-7.147926589084896420e-01,7.883697381199383791e-01,1.006902168715289703e+00
1.345367084965923388e+00,8.645488112433122874e-01,-1.584559153417384625e+00
2.080022290219158132e-01,-1.385886346471664754e-01,5.314120632878898132e-01
5.429375612971889531e-01,5.635591323841643074e+00,1.717098208388021741e+00
-6.864619676744199595e+00,3.776888732799853265e+00,2.839501468569722409e+00
-4.893640824356275676e-01,7.693508336325420860e-01,-2.811581818744250061e+00
6.681339793782470338e-01,1.010271551581388039e+00,-2.097198701997625037e+00
5.592239969405264910e-01,1.015300442444204698e+00,1.132996265870047869e+00
-1.164220931297230477e+00,-1.118155146650621434e+00,6.003486831390600909e-01
5.670794644442374022e-01,-1.329970357628651456e+00,-1.289553342737757846e-01
6.085083485144577864e-01,9.029044305796563030e-01,1.357414657694685722e+00
-2.165289673684103633e+00,-1.601990829197671884e+00,-6.456880144737123794e-01
4.470774746531748889e+00,1.653756555333118827e+00,-3.317823098631550671e+00
-1.870185976454648902e+00,-1.363665162729945202e+00,2.247202550135610766e-01
7.494664399129485899e-01,1.652787881662581837e+00,8.067601987543297770e-02
8.286369841564974470e-01,-3.235359212770516635e-01,-3.033036350833071548e-01
6.363234694680810932e+00,-1.094573771826448327e+00,1.225343622324614135e+00
5.136079570468812250e+00,3.546295583513930705e+00,1.266033482105643149e+00
2.736255432015434752e-01,-3.536504717341945048e-01,-1.949615648241256327e+00
-1.388527150612727912e+00,-1.719744140420542688e-01,-1.263477492047882400e+00
6.648615418027434831e-01,2.811553773068841799e+00,2.591422653433901324e+00
1.505601695549483088e+00,4.048436619803332803e-01,-7.214959479411446885e-01
1.513506182847806913e+00,6.216909196592745879e+00,4.025273817195285098e+00
1.200037203026606880e+00,3.339759460162463611e+00,1.321446263957210876e+00
2.627144765819419803e+00,-3.402396119002006891e-01,3.111716374556101172e+00
7.090959842150561521e-01,1.008119242029648088e+00,6.318550327789531629e-01
1.437498895850137348e+00,2.018879155990259466e+00,-2.304529780307757458e-01
1.375780930024486537e+00,1.305195332326666735e+00,5.116190434160003964e-01
1.283993368803513002e+00,1.034151822096305962e+00,1.020249112602134911e+00
3.799442574818162610e-01,1.058470786723988866e+00,-1.951936480801443885e+00
2.316665419821672955e+00,6.701157692988209125e-02,-1.638174876924433310e+00
2.395376581558979201e-01,1.769590426558143248e+00,2.863562008566466477e-01
1.751792996202897967e+00,3.326379621063232372e-01,-1.281655703196388219e+00
-8.840909821414268066e+00,1.029832729801813684e+01,7.450582110267099267e+00
3.928957869343240983e+00,-1.290297274129754923e+00,-2.413776499775421858e-01
1.470989521966765023e+00,1.415389163993641120e-01,-7.760600253911598134e-02
2.208752088622607246e-01,3.248871734106867137e+00,-5.085438816370135839e-01
2.779482065614844455e+00,1.410573108410349885e+00,2.431863415953637642e+00
1.443183284591580406e+00,4.101084476866030393e-01,-6.421431134483677194e-01
-7.036495217814321634e+00,4.294161230002900287e-01,-3.424524717235902793e-01
3.264752254746927096e-01,4.721832983153658958e+00,8.637445504749194924e-01
-8.061779979357270864e-01,-5.364467330787769939e-01,1.718896005377199998e+00
1.396286863532585132e+00,2.196467736236764168e+00,2.898751726629389847e+00
-1.440860483756494448e+00,4.353604048341533916e-01,1.074275022418604564e-01
4.033630371894317279e-01,2.832541062895268080e+00,-1.087245240225503728e+00
-1.075060910604111797e+00,1.606437342157798764e-01,1.512665776533796080e+00
7.011092686504509786e-01,-1.226095268419684414e+00,7.222059284489763531e-01
2.060926536084169314e+00,-3.059282951174532861e-01,-6.229564906965640025e-01
1.324877073958089735e+00,2.145541409516673881e-01,-2.220295609020318750e+00
3.263316371163888174e+00,2.036476733382024840e+00,-2.808216521707990188e-01
2.281404574846662925e+00,-4.805494218300133680e-01,2.363289460668268838e+00
1.904419949293081615e-01,2.518794536316986576e+00,-2.727406385555450008e+00
-3.610609836569508291e-01,6.902203735071713586e-01,2.539901083039904361e-01
9.345348786705650612e-01,1.771344464151003439e+00,-8.099644420670457090e-02
2.865938556393851089e-01,-2.698963738228944198e+00,1.434003557839085508e+00
-5.008926220703978416e+00,2.058877688413196516e-02,-2.865916202134155544e-01
3.888101688046513349e+00,-1.131120744314842108e+00,2.757790008993578734e+00
3.620935296895850808e-01,-7.171655600638396910e-01,4.913119141117093247e-01
5.698036981417016200e-01,5.249432035145364939e-01,-6.518351303244129813e-01
-7.634164534252710910e-01,5.032105218410687364e-01,7.158297503276556117e-02
8.465793823781453398e-01,-1.477824415230249433e-01,-1.168455954780867889e-01
1.075770058531599238e+00,3.513091833889131488e-01,-9.577183861088930383e-01
1.128497092498131016e+00,5.785142542666927845e-01,-3.782254640566725112e-01
8.126152585305664866e-01,-4.371136803711433982e-01,-1.448718941311583741e+00
4.464608407439318860e+00,-2.046870262464893564e+00,2.245569661024995334e+00
1.264665314454686662e+00,1.496242763705994516e+00,-1.819363190448245460e+00
1.327617220196739556e-01,4.600787293330957928e-01,1.387921233844726210e+00
2.190511112719273901e-01,-2.083449838819943778e-01,1.784623032612981941e+00
-2.786142609870037923e+00,-2.420129306596633167e+00,2.748689532346960895e+00
-2.554297826479696720e+00,-1.937455000144207684e+00,3.198219671035121614e+00
-3.883155163817599398e+00,4.042887502242323627e+00,-5.593104341176213801e-02
-9.951620698941107124e-01,-4.886739031754295803e-01,-2.810808375624799238e-01
9.185582822517981416e-01,-1.538150481758627564e+00,4.228636307665315508e-01
-1.941470122354965966e+00,-1.317046536717589589e-01,6.970094252727485062e-02
1.390715930421673407e+00,-4.992689792046075548e-01,6.876387495076794476e-01
6.960171146610754089e-01,2.433911278026884339e+00,3.961181412033418781e+00
1.382999637265241721e-01,8.895778138798891010e-01,6.418278838811191100e-01
-5.430970680345628132e-01,-6.916585571681026501e-01,1.045013147073784010e+00
-5.439715715134535223e+00,4.724189622679790368e+00,4.162277129998345870e+00
-1.342545862348118568e+00,-1.717161704535866917e+00,8.705502578270396530e-01
2.214043861481714615e+00,-2.487707759797133655e-03,9.840157489547431968e-01
-3.947863029487026942e+00,9.891522077158897142e-02,4.667326834409254444e-01
1.375360833845129305e+00,3.938480009520746616e+00,-2.052221463977499827e+00
-1.522540289137695790e+00,-1.202082952056716891e+00,1.058310769188750777e+00
-4.363708115834226575e+00,7.570747536960895641e-01,-9.892459648003631978e-01
-1.096686782769025204e+00,-5.584021210049723294e-01,1.028129156300834790e+00
2.507258942401311863e+00,1.033520041639585774e+00,-9.613308943524758732e-01
1.403996725109060373e+00,1.322774642929391398e+01,5.079131722137113947e+00
2.925855061663218404e+00,1.690856194767847542e+00,-2.039830381922568492e+00
2.088033023821925127e+00,4.895345448854760972e-01,-6.837826674588541875e-01
1.888501877381622007e+00,6.949135268212376371e-01,8.788724086595209317e-02
1.884259093870490176e+00,1.177899527832937165e+00,-2.066975149382340060e+00
1.487148189929933917e+00,2.351891640364791036e-01,3.133087747228963105e-02
-4.564748560133781163e-01,7.382627869141979993e-01,-1.995073157683836307e+00
3.562193936993452992e-01,-2.500996130576942367e+00,1.166084343490765285e+00
1.572271212978085142e+00,1.446583293236117562e+00,3.026766056431251073e+00
-2.990499547570007799e+00,1.511952685931032270e-01,-1.396922485051243612e+00
2.295668071046187697e-01,-2.627332815296581359e-01,1.078929086968813067e+00
8.415741220300574366e-01,-9.821740915031584862e-01,-2.221096149854028257e-01
-3.932052328103884387e-01,2.652246489747770442e-01,-1.683434061562462336e+00
-8.445579729328389629e-01,-1.418347768755520155e+00,3.135062523786015909e+00
-2.227643647683935635e-01,1.586581658085628233e+00,1.919315509154971566e-01
9.624672314846673959e-01,2.418528440036522009e-01,-1.818095975438527079e+00
-5.383460590203374974e-01,-1.617801591531095595e-01,6.107049736444153387e-01
3.197783810256081272e-01,5.873305193938048063e+00,2.201362978996025177e+00
1.968175629281890548e-01,2.797872587057479571e-02,-2.623777932404216529e-01
-4.783200499277927342e+00,7.406149723593300482e-01,2.387063652495924337e+00
8.484787694027501326e-02,-4.294486049833758923e-01,3.464099066172802166e-01
-3.132646477138983254e+00,5.495606759593023583e-01,2.511512943768893447e+00
-3.246990933654950950e+00,1.057130365875434297e+00,-9.413053172892480447e-01
1.302923698559896315e-01,3.095561774753964546e+00,-6.915177419216487209e-01
-2.370072896540945884e+00,7.495389164924739500e-01,-1.890914465074230666e+00
3.152770689388852965e-01,4.264095975841560304e-01,-8.814746440271824524e-01
-2.862005635623778410e+00,1.453742184597466514e+00,-1.294233189957864738e+00
1.740567913449050153e+00,-7.385136383940067439e-01,8.943648516410626081e-01
1.153838892034841357e-01,-5.612126660648117937e-01,1.043752286259540085e+00
1.542199216973772158e+00,3.029052524259701951e+00,2.852856988818391892e-01
-7.736404419379210751e+00,3.521686676810983130e+00,1.229436829187873448e+00
1.402531338807797745e+01,4.978899712690183499e+00,3.367576926271231397e+00
-7.261093706634847322e+00,6.871810827481794615e-01,8.425581212618057370e-01
-1.069403021606207593e+00,4.862612999521759294e-01,2.694294311014676646e-01
-9.193028251060807454e-01,-5.226925380291783663e-01,-4.684317541138018903e-01
-3.631534682066203779e+00,-6.806112361112141018e-01,1.402307276604324304e+00
-3.658353846114773766e+00,1.540140879643099536e+00,-1.901311042911563165e+00
-2.991297649162464878e-01,5.141828293367156633e+00,1.487267661533913987e+00
8.625756829581464613e-01,-5.961670567530930054e-01,-3.745406629997954928e-02
9.515780998620012587e-01,2.873311303004611794e+00,4.443502770335837626e-01
1.406824542144137657e+00,3.168649340704005057e-01,2.379385069065686586e+00
3.687647436643717858e-01,-4.211510819778966908e-01,2.181425557283562244e-01
-3.536184199259438277e+00,-2.398467699594510893e-01,2.579452518479727452e+00
-3.291217248236935067e+00,3.506405149042532088e+00,1.678524323930213336e-01
7.494507150452746069e-01,-1.337339206221209054e+00,1.702999457955396867e+00
2.896202816012764525e-01,-1.005800115895849833e+00,1.267780208805070752e-01
-3.795939308218946984e+00,7.567901255345363953e-01,-8.847063761605595822e-01
-9.426233865416775437e-01,-1.957636889434785921e-01,5.307838217489577737e-01
-1.701219358865047715e+00,1.185316293108817920e+00,1.916074993458962927e+00
-7.536364160643763688e-01,1.112114228205147048e+00,-2.648583649529401729e+00
-2.543521900724851292e+00,-4.103236783907613372e-01,8.138836039941388378e-01
1.356059795535614843e+00,2.433075915188023242e+00,-7.462172417410756209e-02
9.744772755387410834e-01,1.399928495633448455e-01,-1.084292022952843215e+00
7.551325198247946235e-02,-2.651112145488255134e+00,4.307718089953514351e+00
-4.049433539144702277e-01,3.659183117872199520e-01,-1.497130753135756720e+00
1.972313760726593479e+00,9.915590902628309555e-01,-1.080012340945791793e+00
1.365073728801231123e+00,2.344636035592007950e+00,1.329394293067321708e+00
1.973806305844672204e+00,-7.548600441138060280e-01,6.919092879855577305e-01
-3.086568743877288745e-01,2.153423250587145343e+00,-2.283754601376625892e+00
3.983923463172427848e+00,8.269821023434974494e-01,-1.795195205042551700e+00
-4.516193106169242855e-01,1.121661892131361027e+00,-1.132248338461744608e-01
-2.712511748470740613e+00,-1.350455537790826943e+00,2.537087921975477833e+00
1.455422498772785400e-01,1.965740650052670180e+00,4.508208953109425488e-01
1.246848981647507681e+00,-2.625490972552640967e-01,-2.277531177298164344e-02
4.228820308992797122e-02,1.019825268651233507e+01,4.090126831305283872e+00
1.212827834182842901e+00,4.451501220056296226e+00,4.674795747525111733e-01
-6.616486520342956812e-01,-7.769911694039808303e-01,-4.008960252621846521e-01
3.933720102025557441e-01,-1.705714313421562656e+00,1.982617857785667237e+00
-5.010250964188163181e-01,-1.041672237182262428e+00,6.573316904903974134e-01
-4.592357781190322008e+00,-1.831748359300468865e+00,6.445444367577426448e-01
1.429760915596792303e+00,4.587812989910059258e+00,1.034897515698379289e+00
8.628758612599539413e-02,-8.548887827830445874e-01,-1.694219565023068030e+00
-5.031195537173825949e-01,-2.159635004537793779e-01,-1.474774978971811645e+00
2.537729426181931647e-01,-9.717120993451411337e-01,1.715351207032472125e+00
1.490280397112480504e+00,4.004874212630747943e-01,-1.850500735155926169e+00
1.830386945333133619e+00,9.111780869944190453e-01,1.508776512412768112e+00
4.812628639048079360e-01,-1.574176221664110864e-01,1.358800540368317211e+00
-1.345861312088756812e+00,5.377271861606924830e-01,1.020427401125171496e+00
-1.259250415516262711e+00,-2.769224782953560116e+00,1.772187592214612417e+00
2.867639338070989696e-01,-1.009282914970951683e+00,1.097199678341624907e+00
-8.737427834737655497e-01,-1.572372881658404831e-01,-1.108998459582775986e+00
3.989817512831265733e-01,1.188759165562344178e+00,-9.580593219700365148e-01
3.309142944895072658e-01,-7.239924007193627720e-01,-2.663302792492323601e-01
4.068974149078569691e-01,1.344963988585880177e+00,-1.744797145717485565e+00
1.189312196636589158e+00,8.394106872310072021e-01,2.721102476458273633e-01
-7.408795027687206769e+00,1.778356450518137954e+00,9.330887108817254028e-02
-6.877626618183176888e+00,-4.684581868975886548e-02,1.638699529449546000e-01
2.432213391450081197e+00,3.538968388524984521e-01,-2.236506284052266924e+00
-8.260301133324281508e-01,-1.139403482642030729e-01,-1.130713946830306682e+00
-3.859406089580202925e-01,-1.054463057715665064e+00,-8.828459146762677179e-01
1.158418795280525826e+00,-6.387320131289200287e-01,-1.216455677789935352e+00
-6.888610123551125675e+00,1.297155935341488764e+00,-8.609040079012963975e-01
-6.851086446148166864e-01,9.098251332130489200e-01,-2.676175339681202914e+00
-7.819714426043120170e+00,3.742767609411407737e+00,5.565262499893729453e-01
2.634158921888138050e+00,1.196924636311710345e-02,5.702292255916205921e-01
1.996920923345537169e+00,2.970231789822004309e+00,-1.364333628346759753e+00
-2.786212990157605596e+00,2.431884400511467259e+00,2.444089360915503217e+00
3.342523320251392427e+00,-8.418238483106541548e-01,2.342568695547325719e-01
3.086153269002013921e+00,-5.260841095764516862e-01,-3.150323337894698761e-01
-8.970315631641218035e-02,3.860815129045440663e-01,1.206155090483942705e-01
3.979418679962709593e-01,-7.982717252182865986e-01,-2.906143379408004934e-03
-1.308912029491766882e+00,-6.088077972638472612e-01,-2.181731937057437953e+00
3.659371003552399415e+00,-8.792827885545267952e-01,-3.984641921168347034e-01
-2.683972462336387643e+00,2.210079122246678018e+00,-1.552048216518579604e+00
1.505959434573177047e+00,2.761736776291001672e+00,-1.736436509073183476e+00
1.101937653143450491e-01,-7.711096488660365011e-01,-1.329284785103778121e-01
4.919410089195130897e-01,-1.841932896759661986e+00,7.804234250268791973e-02
2.803026308493280702e-02,-2.971458273230999092e-01,-1.236284018907532478e-02
4.912835431451406110e-01,7.945111604332422139e-03,-3.378018487651581747e-01
-9.579848131426570434e-01,-1.849283763866023111e-01,-8.657647987580010529e-01
-3.534981332118754871e+00,-6.064186363724979323e-01,-9.383423487917936789e-01
-2.288015231611503775e-01,-1.711107246108059865e+00,1.957973438401277244e+00
1.316465115486197268e+00,9.535996731316027653e-01,-2.584673217398583134e+00
-1.482484859756139528e+00,-2.337921210397170935e+00,1.184845934210284391e+00
1.863814037543885860e+00,6.626916074011890423e-01,-1.085647971165472070e+00
-2.876556281329423648e+00,3.900722885983398669e-01,-2.496588441045234363e-01
3.554281031942229663e-01,-1.894313192797536960e+00,2.263491214781254257e+00
-6.730206249222625559e-01,1.405372326573715913e+00,9.574840263336652502e-01
1.842124058946873255e+00,2.001191941360064508e+00,1.361131541529649436e+00
1.678979615393528357e+00,-1.231512943944181204e+00,1.868334405079711713e+00
-6.365441821171935466e-02,-9.638336382119226942e-01,1.133077140810367034e+00
-2.281853019864369614e+00,-1.101044170840275171e+00,3.517888289960292569e-01
6.735548479999459159e-01,-7.485826670908004576e-01,-5.019940340697157111e-02
2.257049731999244635e+00,-1.277939061894775019e-01,-1.756098626774226235e+00
4.096975540363745893e-01,6.476619554323235217e-01,-2.312384451024604104e+00
1.130378719742308746e+00,2.869204113434880021e-01,2.034308047397414276e-01
-5.908448442266064915e-02,-7.814262101923924453e-01,1.180639286960082357e+00
-1.498745271229600773e+00,-9.588412429791778879e-02,-6.240947896767370384e-01
7.665051562506013383e-01,-2.586180058947289973e-01,-2.170853209934556993e+00
-8.104016297805219926e-01,-1.033646475100154616e+00,6.762910860171269523e-01
1.486605710132143043e+00,3.257062123430253031e+00,1.587405589932703087e+00
4.085762745798070528e-01,-1.075778761340274503e+00,-1.386606432028616442e-01
-2.409847636891215839e+00,5.741288913568673991e-01,-1.465144667748446317e+00
8.980109407100878016e-01,8.118959724627514696e-01,1.445277052615093760e+00
5.378628686840471879e-02,1.166139967860982507e+00,-2.765606182729837936e+00
9.607606591438222488e-02,1.766433760255147201e-01,8.162578064745326656e-02
2.051815848506910900e+00,-1.379085027092026960e+00,-1.543820004271785618e-02
-9.252696744103174886e-01,4.920082658645715257e-01,1.122532183694114671e+00
1.510005807004778822e+00,-4.007295527403084145e-01,2.007899624354569035e+00
-4.526274665888891491e+00,-6.322339012215064669e-01,-7.334486403098994245e-01
9.588087928330466525e-01,-1.785925294148105191e-01,1.179855999895115248e-01
-6.314315946246032429e-02,9.278368287948713933e-01,-2.764978916275300236e+00
8.962995091195350428e-01,2.352830510835654199e+00,-1.100091296871441582e+00
-5.482534846664401051e+00,3.262025940729987306e-01,-9.378609564360986806e-01
6.495606183206175110e-01,5.520930748476087224e-01,-2.717189321277747815e+00
-1.967881253952140419e+00,-7.641293201434009585e-01,-9.583727473491353566e-01
7.677371985788546960e-01,-4.347045687095194011e-01,-1.995101468731547811e+00
-3.975470994771024280e-01,2.840295823637317141e-01,-1.944822149983519877e+00
8.366077085396668167e+00,2.140635077483188820e+00,-1.528985316297314156e+00
3.451039301090335076e+00,-3.516820085760098413e-01,1.207630342280685998e+00
7.977575614271938953e-01,9.604911388552275220e-01,-2.720317785264673827e+00
8.060888717722052010e-02,2.089178295583941081e-01,-2.591371541656160904e+00
-6.829808739648105309e+00,-1.696535871506129334e-01,-2.520515328929136878e+00
2.543426050276184736e+00,2.158547925949853674e+00,-8.402930327522716292e-01
1.628394623263764496e+00,2.832225098493766247e+00,-1.382203399106010533e+00
3.019839417742116727e-01,1.211336048581687752e+00,-2.452468413861640939e-01
1.795170604172236839e+00,-2.562664194350478541e-01,1.744712350277043689e-01
-2.377051695422694788e+00,-1.848918130914158464e+00,3.375928027988756241e+00
1.098339549981139029e+00,-1.034547271532133328e+00,5.359393181899616554e-01
-8.711788714513459819e-01,-1.069126816568263388e-01,-3.350423087649948561e-01
-1.128091964156643368e+00,4.008065443950675544e+00,-1.691264047528811543e-01
9.066612385088765880e-01,9.404406264129887560e-01,1.089668310043334643e+00
-2.494132226674958819e+00,-1.106678352232459028e+00,-3.965890366627563557e-01
-1.401657947846666197e+00,-6.549355965418349745e-01,2.798214398578770523e-01
2.495491039515925991e+00,-1.369096977430866335e+00,-6.461177474065509241e-01
1.649093438659179345e+00,-1.863221703586677824e+00,-2.903531095639307058e-02
6.455111062169214264e-01,-5.048362360359334167e-01,-9.163124043659897078e-01
1.355025242683648434e+00,-3.831210746101386677e-01,7.210612311891699822e-01
-6.875666657897808953e+00,-1.200055385673939545e+00,-1.009276334755575988e+00
9.854419588752129089e-01,-4.771503277321602343e-02,-2.935031056508310976e-01
-7.126912125768972706e-01,-8.081300176677741476e-01,3.072297425564466389e-01
-1.719123133619707477e+00,-1.536037265581922107e+00,-1.261911786628283350e-01
-1.196750643729020736e+00,-1.880269061877069880e+00,3.023112292140208712e-01
1.986152162354271722e+00,-2.055643066373984862e+00,9.944179906244958733e-01
-1.715321645804627204e+00,-1.631510475702334650e-01,-1.211768842439131300e+00
-3.498639770375737701e-01,-2.420844247760414736e-03,6.534375059403763064e-02
2.643040303134946090e+00,2.036270025969918240e+00,2.035771293993050013e-01
3.793592882290870882e+00,4.830803069656412485e-01,-1.495690756518465614e+00
3.376118675900722899e+00,2.158783473842430745e+00,1.766082313815298122e+00
-4.204323048075813141e+00,9.169118342292149892e-02,3.028153805881413918e-01
-3.485814653531114526e+00,-1.846598962829935964e+00,1.800864549576775442e+00
2.269125768773821772e+00,-5.269361296292615626e-02,-1.309853583098789409e+00
1.687851050854119128e+00,-1.484521580184323453e+00,1.504706032185763931e+00
2.093533923337960623e+00,4.180939440088043968e-01,7.550932248993845741e-01
8.718418221696404569e-01,2.044005330350173733e+00,2.229185245760441969e+00
-1.090475217019823084e+00,-2.360982379583439206e-01,-2.112977898095882712e-01
-1.211555456800135877e+00,-5.283417545138672233e-01,2.668883502738649272e-01
-1.863331122451893807e+00,1.137055153754236159e+00,6.196422968502640627e-01
-7.978852793794477538e-01,3.426452721700703030e+00,-1.076771340739967719e+00
-2.440986083393774653e+00,-8.342986022329766937e-01,2.701386858812511171e-01
-1.316500259512743742e+00,8.698285662351041836e-01,-2.080086275851620758e+00
9.982984941711043891e-01,2.496470183807453225e+00,-2.675588035400309206e+00
1.147839375953268792e+00,-9.144172494586577660e-01,1.336892784411180535e-01
6.891911752590992313e-01,2.930233811181939263e+00,6.929443142119423582e-01
7.510211716424780581e-01,3.768290654094091252e+00,-5.386262647651300917e-01
-8.816364978811739306e-01,-5.329222619237501402e-01,-2.292964695094500627e+00
-7.466664833007073676e-02,-9.961749947356464130e-01,2.790537085479098067e+00
2.076488111008669701e+00,3.010123255431910727e-01,4.963175971864050018e-01
3.131070612140787190e+00,-4.884214458180571872e-01,-8.433200336890402937e-01
-5.604901341005477100e-01,-3.287333177979954169e-01,-1.237046096999062872e+00
-2.727513955425273084e-02,-1.666151237600472512e-01,-2.262408891111929166e-01
-6.542979005105054924e+00,-1.825906486202821366e+00,-5.478903165369356509e-01
2.054118211159781993e+00,2.466794630873426486e-01,-9.946445328663709728e-02
9.674665847568302002e-02,1.564182428819586856e-01,-2.527694788417612415e+00
-1.721017230834744227e+00,3.256712879305054265e-04,-1.123165402044485894e+00
1.364383535478189691e+00,-9.915364163568267664e-01,-1.174925354836984237e+00
-9.775859137000674215e-01,-2.313206223508925241e+00,-1.199137570483343601e-01
-4.627615067473344057e-01,-2.002060544068322012e-01,4.504741186420235799e-01
-2.637536956992112991e+00,-1.268197222613137720e+00,1.280191797493068551e+00
-3.357013454505007655e+00,-3.139279154659068816e+00,1.855864804280530134e+00
-2.306350767567601601e+00,-1.352966717560812659e+00,2.261444503172077569e-02
5.160040438797705020e-01,-1.674396905504134114e-01,-2.191358712990118640e+00
-2.598769807961011757e+00,-2.263010351680562859e+00,2.204636285227287829e+00
1.453185972262999170e+00,2.200901887384026256e+00,1.475225625447333710e+00
6.536431745173703067e-01,-7.846492879317739089e-01,2.053207142848067768e-01
-6.042232159650781642e-02,2.091157377368112691e+00,1.077159824634712049e+00
-7.986160771759288624e-01,1.168718628998415943e+00,-2.879389698869545544e-01
-1.756252122528194182e+00,-9.833427671021022221e-01,7.112894114931519463e-01
1.157520878420787991e+00,1.008407292070724770e+00,-3.963293809123689115e+00
-2.522732502284017464e+00,1.763706059170405904e+00,1.371969553882010029e+00
-7.925640854300648463e-01,-4.349376709038370592e-01,-6.372478230464981852e-01
-1.383683041469447650e+00,4.082826076845981200e-01,1.323742098806060197e+00
1.091748985367274383e+00,3.075584880318857461e+00,-9.899623064571824171e-01
-1.999764664284479077e+00,3.048592947589728319e-01,3.905496200729855483e-01
4.673152585730324660e+00,2.021177813054230832e+00,-1.165920205922110320e+00
-1.188531672452667998e+00,3.532677661395515201e-01,-4.868754182709642553e-01
-4.702229502499744918e+00,1.204919799670989056e+00,8.326668897293041383e-01
-3.230288293776557573e+00,-1.052023515866093772e+00,1.403983228058474086e+00
1.746091411193823051e+00,-1.488271686639964564e+00,2.071674957458480293e+00
6.482205816622628181e-01,-1.302655018020318245e+00,8.221789619793833381e-01
9.205913223229515996e-01,-2.294657610085597821e-01,-1.412323277936429200e-01
4.079340291224156090e-01,5.906168840344882653e+00,3.049629182650850368e+00
-7.133757213502922578e-01,1.989913021795679304e+00,-1.604352798137842928e+00
-1.043427011509237418e-01,1.417351266327011861e-01,-2.442553972942464569e+00
6.932688968417732855e-01,-7.070738144959155813e-02,-1.566038893520973474e-01
8.320940506282542559e-01,-7.215892522260489717e-01,-5.431586926052261316e-02
2.187184518247784926e+00,4.595659397849108707e+00,9.103442305328843798e-01
-2.809136707537480238e+00,1.248715156339080368e+00,-3.380436622616059261e-01
7.791844001299491618e-01,-9.970367774190603827e-01,6.717832481150403101e-01
6.440425936271708673e-01,1.164606151823754709e+00,-1.278462822588279924e+00
1.331011123178075239e+00,2.252498831035579130e+00,-4.968549790443462233e-01
1.608945095221742339e+00,4.019601094190713431e-01,-1.344366964064852343e+00
-7.750398193694764126e-01,-7.375531991713780711e-01,-6.080866961417019656e-01
7.450815721389039137e-01,2.504166628965836416e+00,-1.028926577996810643e+00
2.878282793668892836e+00,6.717728737629667712e+00,3.209804503705077083e-01
7.884036087048440500e-01,3.378934086453388552e+00,-9.530431668563932313e-01
4.364944087251161342e+00,-1.321872080849685882e-01,7.200090818225850509e-01
1.512050631229691966e+00,4.062117391104353104e+00,2.863797769619495615e+00
1.585730769233570481e+00,3.463781218071709800e-01,1.063971570835065439e+00
5.423211872136891598e-01,4.048467025634552741e+00,1.090921567744313148e+00
2.197071879662452432e+00,2.021137388354938558e-01,-4.096530711047090545e-01
-5.526028956422700311e+00,5.161819504218037036e-01,-1.649004616471948292e+00
-6.238127964666619008e+00,3.985830219713203171e+00,4.683143279573769746e+00
-2.577880071878987156e+00,-1.223327072599311727e+00,1.233477952314181447e+00
-2.542067459700623644e+00,-1.331392957949789624e+00,8.961419692772778500e-01
-7.443589550644814923e-02,3.469964579654643444e+00,-1.675912541745389339e-01
4.744453825120334756e+00,2.711079700677959670e-01,7.622808170528855287e-01
2.244386604244999361e+00,2.769884643232319310e-01,-1.338303096668788772e+00
1.028480093587622823e+00,3.488076309796045660e+00,-2.042361877434322182e+00
8.026821542274154453e+00,1.809977760656610313e+00,-9.258067441110968687e-01
3.104993384735927897e+00,2.903257419861473565e-01,3.843430456565433140e+00
-8.453369256325267145e-01,-1.576120820863579519e+00,-4.910252868733234188e-01
-4.980684904730474649e-01,-1.192632783986464329e+00,-1.043186610406260373e-01
-1.968692326100396572e+00,-3.044147613636960514e-01,-3.382534258161781771e-02
-5.594382081427244913e+00,-1.583630822792591708e+00,1.001049930240357932e+00
1.959150760036192152e+00,1.727355554833751583e+00,1.229772030660214455e+00
-5.887220587350605605e-01,1.769994423064208622e+00,-2.079189243498202888e+00
1.287310785228127807e+00,-2.694984284021928467e-01,-1.179211100216024377e+00
7.938603930443390411e+00,4.543916719169712737e-01,-1.875461877662774279e+00
-4.374690155444585393e+00,-1.979219415546236593e+00,-1.659713475015098805e-01
2.397114729029035551e+00,1.948978211379328584e-01,3.309996770299122315e-01
-8.261758492135321541e-01,-3.428272476864227536e-01,1.495769605158887572e-01
-6.989934575648691251e+00,-2.050374012190588346e-01,-1.658053280689592679e+00
1.759776153431555079e-01,-8.347121552837918346e-01,7.495597413002605958e-01
-9.796109248294084804e-01,-2.606344259377155193e-01,7.035934275377753178e-01
1.444710008485824870e+00,1.784910779014010407e+00,-1.935310788356244149e+00
6.925072064861809373e+00,2.003301219089234309e+00,-1.438059501147680663e+00
2.914399045676543398e+00,-2.447054200265877721e+00,3.212991188497873463e+00
2.278003716853150173e+00,4.453909450274180504e-01,2.742082780596446501e-01
-1.289916374176431679e+00,-2.020340345529272774e+00,6.608814933847004802e-01
1.444059925434189706e+00,9.913990544728182863e-01,-1.489347216342580715e+00
1.406149913654103356e-01,-1.365108607648830796e+00,3.971327642043238626e-01
-1.073191428427404448e+00,-2.340611192434758348e+00,1.154742624702057352e+00
-1.929658972257557892e+00,-2.861353416930352278e+00,3.023106915494771840e+00
-1.111538856230463168e-01,-2.177264559768501861e+00,2.472574857162502582e+00
-8.481228961393015853e-01,-1.773141116451555588e+00,7.831299653348791079e-01
-2.813321934400788218e-02,1.137536691787397747e-01,-6.513314865092449946e-01
-4.372278268294665260e+00,1.486568348555926899e+00,-1.038197530851155737e+00
7.709730325566495346e-02,1.684490769569426671e+00,-4.908116415026158585e-01
-2.631635879344241591e+00,1.253960062177383428e+00,-2.950298479036048249e+00
5.995358381730666597e-01,3.297508161191078924e-01,-7.776816170326656952e-01
2.095470417276699138e+00,-1.796513684669207578e-01,-1.015526078453519165e+00
-7.160745757620148866e-02,-8.777517827543963591e-01,1.250615866759237638e-01
-1.102573377907158036e+00,1.226677926738660718e-01,-5.011413318352089252e-01
-4.500319672584612185e+00,-1.669292049849416149e+00,1.469623340935588995e+00
1.329951275582066383e+00,-9.028003462680179725e-01,-7.270140284927966157e-01
8.297048357592172740e-01,-5.745401137326758834e-01,-8.814236252970440999e-01
1.979819867813302547e+00,-6.348799469003377771e-01,1.054497652814496034e+00
-6.657844048713934981e+00,-4.348946567576162936e-01,4.749590718880156714e-01
4.465307043495778117e-02,8.126082748224893182e-01,-1.629323144433612314e-01
-2.777803388698358855e+00,-2.162661988332519769e+00,1.667564116996310020e+00
2.110023083491761042e-01,-3.098930670480560590e+00,4.700169745779808395e+00
-2.893349384224626064e+00,-1.891040363844286532e+00,2.288281217386372024e+00
-1.717183193809904473e+00,-1.358151825514235078e+00,-9.925338978804567613e-01
-7.762196982219374819e-01,3.678991632476282803e-01,-2.598806404158666261e+00
5.846102809904105690e-01,-1.155704482780433473e+00,4.411048512644830666e-01
-9.540977324931166140e-03,-1.221281055808586702e+00,-1.738688374471502041e+00
6.399544906737775207e-01,9.479256894783788523e-01,1.255069287605708128e+00
-2.753486382541864286e-01,9.145003062901234658e-01,-6.110528149345179072e-01
-8.939145507571609750e-01,1.648649195572184922e+00,2.509732744288037942e+00
-2.365757432783035519e+00,-1.720399248841548934e+00,-5.740822625049758487e-01
-1.220668651435614649e+00,-2.412924282406081034e+00,3.992923260096061355e+00
-4.343111592044644753e-02,8.266934034680371024e-01,-2.391511157419621725e+00
8.089452552052786016e-01,-1.266319118274614519e+00,1.479495513836509790e+00
-2.796990472514788717e-01,-2.590647891132925595e-01,-1.499853047451401800e+00
-2.803687808155481243e+00,-7.138994819266585301e-01,-5.680452429764966116e-01
-6.944243812876858435e+00,1.728152934496902215e+00,-4.578002558387016530e-01
3.716783258013967917e+00,1.091762084738628680e+00,-2.559802688052059239e+00
-2.310733141432988802e+00,1.475549613637526236e-01,-2.672452790494520336e+00
-1.077536835751013111e+00,-1.895449226418843613e+00,-4.493226711784591432e-01
9.707169434757350057e-01,2.991236662299246785e+00,-9.429254862582276964e-01
2.287723532678212213e-01,-4.756729460765046213e-01,-1.382287883900330971e+00
5.087732992632047591e+00,5.088092659226770564e-01,2.330400478374031970e+00
-3.166759330491073499e+00,-3.300088003161414374e-01,6.048938502037918274e-01
2.587692669441505333e-01,-7.413654175197107454e-01,-7.463165164685034991e-01
3.455095686595047733e-01,2.135889463307734548e+00,1.259861550316508927e+00
-1.614417709473498608e+00,1.667967855952313672e-01,-5.714061121049007763e-02
-8.871844750757940101e-01,-2.587520356954431389e-01,-1.446220728282987311e+00
3.403642672069508546e+00,-1.829202943563328909e-01,-2.161643991715099578e+00
1.723527489073035213e+00,3.161115625237820304e-01,-1.945452502909158721e+00
2.930917680998422981e+00,1.636397936866950120e+00,-4.633786223087087430e-01
-1.181467130633315210e-01,-3.207071378184945587e+00,2.768186436022072705e+00
-3.090159573921259506e-01,-8.550505006238637851e-01,4.388950653958390014e-01
6.832442067922426254e-01,3.768053088196225531e+00,-3.866588329421690173e-01
-1.730187350493838760e+00,-5.355805522055123724e-01,-4.901544759421779807e-01
1.456971246483859339e+00,4.961849272017554213e+00,7.862930451870728810e-01
1.287602775149877532e+00,4.307342374252475237e-01,-2.192714046320860088e+00
-1.028513182768708845e+00,7.236255855605542298e-01,8.025795830931118369e-01
3.673410302719244847e+00,-1.567158251143203618e+00,1.822330550174841024e+00
-3.569748046652508222e+00,-1.898160916964923617e+00,7.837269334292841227e-01
-3.856833653284214236e+00,-3.025465563988601891e-01,-2.890992555330110791e-01
-1.647852268762860950e+00,2.078526167519247014e+00,9.151032339605740251e-01
5.000734886767024268e-01,4.487508422744123093e-01,-1.076163411306593209e+00
-5.050351137698673165e-01,5.958528678912329291e-01,2.071684204690133146e+00
2.745293135551279295e+00,3.750785983248836608e+00,-8.520503963893182320e-01
-1.931606973832349361e+00,-6.727318510770902149e-02,-5.066168076729328229e-01
-5.455992774553526381e-01,-8.488009708419790300e-01,-3.007238298399285137e-01
-2.331958629377206105e+00,-3.765650951397924717e-01,-1.395842578343042373e+00
1.444811336998780948e+00,-1.437668434293843056e+00,1.692667909551579086e+00
2.893721696124359255e+00,7.715762000724776248e-01,-2.135579609412854740e+00
-3.112727410849041032e+00,-3.216076427290295858e-02,-1.116890095419821316e-01
7.729343266378583266e-01,2.002819968753321245e+00,-5.827249452953654485e-01
1.166210206822062112e+00,-3.169902981807573017e-01,-9.732817467755444651e-01
2.050155045144177013e+00,1.308648753362663841e+00,-2.358115209777436938e+00
-1.212315671396715144e+00,-2.937823429727712821e-01,7.477687148326002120e-01
-8.335414811713971472e-01,2.370029910340262780e-01,1.234959909631874186e+00
1.353076527899566894e+00,8.443622018864040957e-01,-1.290151792767736116e-01
3.282082403854874375e+00,-1.152602917377814062e+00,-1.021911068999621808e+00
-5.310605867505802102e-01,1.091371409429481965e+00,1.095070503601492273e+00
6.800038585393612944e-01,6.102410086455241078e-01,-2.294686083887500949e+00
5.069615542315772938e-01,-1.177308169976287733e+00,-4.941447834961306684e-01
1.854909922418787938e+00,9.285773519857678515e-01,-1.564668381935479413e+00
-1.241676163514132458e+00,-3.252079348608206022e+00,2.233247641608132383e+00
-1.400558023355843895e+00,-1.551122989187239121e+00,2.308151585899856084e-01
-3.290220363784571167e-01,8.036357704787530087e-01,1.180853407390397847e-01
-1.458032657401530319e+00,2.953650650645282649e+00,1.214472157998158108e+00
-3.912248513196545652e-01,4.091095462939410288e-01,-2.906013698828397551e+00
1.294932021539316191e-01,3.509282473742433073e+00,1.496076909461545590e+00
-1.602532468579577651e+00,-1.454904605148976127e-01,1.165155766756427180e+00
1.816980395384296232e+00,2.449664818620730933e-01,-2.939005759610921586e+00
-3.167399815446663158e+00,-8.651610675089352887e-01,4.648083347282402911e-02
4.444674911751658186e+00,1.230663699258956745e-01,2.888313261778528984e-01
4.112619675940317743e-01,1.585068385335449470e+00,1.948705828633401915e-01
-1.420233463943324281e+00,-1.795929101790885385e+00,5.258163223224687766e-01
-2.086520258044524678e-04,5.909938014411689755e-01,-1.402152760114956154e+00
1.508455336470118979e+00,-4.885190195652873713e-01,3.659516796340624989e-01
-9.704258078355429973e-01,4.801465511429522381e-01,1.631481400806988002e+00
-1.662075688705844101e+00,-6.069751129050363070e-02,3.209190679014087166e+00
-1.830629419022798743e+00,-2.100038098607496462e+00,1.397785348854376775e+00
1.021886918368331232e+00,1.829959186876898569e-01,-7.414688612301740811e-01
9.509045235666681029e-01,3.602688564243329561e-02,5.168478374287691635e-01
-8.223454657923395805e-01,-1.180458183937961314e+00,2.172679505890449392e-01
-2.706204773829018473e-01,2.045414734933311607e+00,5.462277552828309624e-01
-1.965787179889453840e-01,-6.478558242855833038e-01,-7.806021317490541289e-01
-1.078601039382022453e+00,-2.638266024307065472e+00,3.975588644765143176e+00
3.764524356644671776e-01,-3.323435434171431169e-01,-1.807383635423424950e+00
7.739442282127230455e-02,2.435888305711119362e+00,-1.828713953647135071e+00
3.283240967785175712e+00,1.252101832334690856e+00,-9.738669665613700621e-01
-1.479075023319784465e+00,-1.622877221464534392e+00,1.096562241054789055e+00
-2.938551009657203839e+00,-4.623555232619890876e-01,1.488265600752020523e+00
4.087971330812783521e-01,6.613381150209618475e-01,-2.086737780170593304e+00
7.376579048195289201e-02,-2.721391998442558857e-01,1.099444692638299331e-01
-3.080281938452088752e+00,-1.541805158818355670e+00,1.515461620605732973e+00
5.017380548382465832e+00,-2.224897671640899133e-02,-2.354786851567528316e+00
1.139813550369695339e+00,1.275009867303646516e+00,-3.941446990702033304e+00
4.274459312872027628e-01,2.890816381699834903e+00,4.812715624577316165e-01
5.322629747113740706e-01,8.911592966176122843e-01,1.237370673675523225e+00
5.301998239204556151e-01,-1.036440503462346507e+00,-1.314030378937950827e+00
8.458193313207806874e-01,-2.503071340710009141e-01,-7.449564400426380573e-01
-2.638850410439976812e-01,5.440431388032669346e-01,4.740490332950363372e-01
-1.483775469519124091e+00,5.118384241628836762e+00,-7.516989447556141624e-01
1.003130930397144960e+00,1.631349042799616622e-02,5.812079334250277451e-01
-2.165569286031217455e+00,3.953118807195989959e-01,-1.544266975436197287e+00
2.361095718241926100e+00,-1.189457573346450303e+00,1.390394635574528470e+00
-3.148763657173044017e-02,8.217337453144277770e-01,3.948813879413198280e-01
3.079435532684529520e+00,-5.282414486429115597e-01,-6.552353833948491024e-01
5.255662212948453593e+00,1.321625718812879713e+00,-1.548788736041974090e+00
-2.546801892802633471e+00,1.360287017352533878e+00,-2.714736879795202618e-01
2.616707716055300725e+00,6.246873309694077614e-01,-2.278272989813798333e+00
-9.242779598010905096e-01,-1.150936739492570249e+00,1.609083648940841549e+00
2.759921854642461092e+00,3.519142300758379971e-01,-8.695289079190697823e-01
-2.873808517690813469e-01,1.117796747618957198e+00,4.586970030626205674e-02
-1.266418744258068996e+00,3.894531854782032898e-01,1.225964071257689136e+00
1.968154131154950415e+00,-8.093007083783404498e-01,5.099763991071741831e-01
4.988204487439279688e+00,2.280246884520132356e-01,-1.961697951779481919e-01
2.196422455678266772e+00,4.576878362987044646e+00,3.983666942116863119e+00
1.300571684130863159e-01,-7.676210016475961684e-01,-3.482468744511346137e-01
-1.013774979925490483e+00,-1.421085495784687680e+00,-3.670150161829841551e-01
-3.322601065360443862e+00,-1.250102661795226278e-01,9.741830949156043973e-01
1.685519469752398747e+00,-6.289200179102104327e-02,-4.352850543568795305e-01
-1.422578777210909973e-01,-1.584466861094366630e+00,-6.230862676715326343e-01
-5.603107683431227670e-01,1.668004110835877851e-01,2.757553424171777401e+00
-2.576388103630660176e+00,-1.024055528544874694e+00,1.396340840491539836e+00
-1.254382722680181361e+00,-6.044424804311454569e-01,-3.780330352549402750e+00
-1.354755617604539442e+00,-1.220535818362966207e+00,-2.499413955057153691e-01
1.254566172610241725e+00,-7.542882385404514611e-01,-1.371790681105437892e+00
-1.985482520046933042e+00,-1.365143200913480515e+00,-7.693944188796170147e-02
-2.052888695701990507e+00,-1.538650496512526278e+00,-9.084141031958277157e-01
-2.790634784161373894e+00,-3.391147611841280329e-01,-3.851817553693472895e+00
6.132564839278912272e-01,-3.205385397260883396e-02,-1.279399195355596985e+00
-8.437291123903667422e-01,-1.853157855781675911e+00,-3.301927430947665387e-01
-1.439897498135590315e+00,-1.184860442524115376e+00,-8.762972261857254752e-01
-6.860385201279700418e+00,-2.141230599637036769e-02,-1.707943446605991511e+00
4.232432483900693043e+00,-9.227750353827454122e-01,-1.515349226043021524e-01
-6.915710066387386945e+00,-2.055776210071639909e+00,7.173068412507622726e-01
1.244043838674100932e+01,2.255277012660383551e-01,-3.917385866684937490e+00
7.441777542444072413e-02,2.819632979488193580e+00,5.717087955686072087e-01
5.503268823245058838e-01,-1.667153808594593833e+00,-1.082276227132305646e+00
1.222352551634502049e+01,-1.456286172447763150e+00,2.534503210397754946e-01
-1.195643618672667774e+00,-5.273731458073011025e-01,-4.659468242131453719e-01
-4.610208359776577502e+00,-2.099376092300198615e-01,5.361875582412983787e-01
1.465990994975726380e+00,-1.456234193891184248e+00,-9.223960714230803326e-01
9.319123800636509580e-01,3.333398288995363501e+00,-9.677015756481928133e-01
-2.547133517413921577e+00,-2.767789100559640225e+00,7.798700465620336253e-01
2.843657477060599792e+00,4.388677954368398471e-01,-2.462750404342687993e+00
4.863907113960557638e+00,2.488909854372646224e-01,-1.700723141811566697e+00
9.084177501142407518e-01,4.014515232577285930e-01,-6.939027320195660931e-01
-6.779902923537025616e-01,-1.455536448212504830e+00,1.230742761417033648e+00
-6.975944875012086932e+00,4.453922620759894535e+00,-3.995049377148088832e-01
-2.395820059736561980e+00,-1.459498323261425368e+00,-3.051673581596830442e-01
-2.963606010864161977e+00,5.824434323110601053e-01,4.301753426484245524e-01
-2.658996590694529871e+00,-1.226257499642425586e+00,-1.156675174335794143e+00
-1.862504268741014934e+00,-2.390734549410424403e+00,9.375934482062622255e-01
2.589345264760773535e+00,8.477280942207994496e-02,-1.545232010309256498e+00
8.393012922645656237e-01,-1.439078135665929903e+00,1.552350093347811599e+00
-2.811355925252462917e+00,-1.159936441785231587e+00,-5.890748956920053292e-01
4.561812361487725731e+00,-1.523073209195307864e+00,-1.690374930987750490e+00
1.229075201126477612e+00,1.298857367698188270e+00,-7.413576519787137276e-01
-1.937325721664095335e+00,1.987748166642385961e+00,-1.083205011263553619e+00
5.715835587437940735e-01,-6.408518480546868124e-02,1.341022692370453129e+00
-8.720185987467573563e-01,-7.038445952748833001e-01,-2.323069120865529857e+00
-3.879020790267186936e+00,-2.820565809175000549e+00,2.027584228364902152e+00
1.520291726729300796e+00,-1.060909283809221781e+00,-2.602501387251348053e-01
-1.184394569385486040e+00,-1.290812547999808102e-01,-3.394742287652727342e+00
3.999483728266832183e-01,-3.079596550985259640e-01,-2.868152034565921715e-01
-1.647267835855920737e+00,-1.342847216852822489e+00,2.196051773769536475e-01
7.292534646258940434e+00,-9.514514098259342356e-01,1.437002681225054701e-01
-2.166437973264203176e+00,-3.331497012233202160e+00,4.300751798341551968e+00
-4.786825414278286672e+00,-8.878984311167845700e-01,-8.018836569463005937e-01
1.150321507137046284e+00,-1.281639566123331964e+00,-9.365950658864121703e-01
-7.131079498346498680e-01,-7.139302313429156666e-01,1.239474015024315312e+00
-3.267468831434322762e+00,-1.897220129855752946e+00,-4.386415571475216768e-01
1.254302403413805056e+00,-1.077002896658756370e+00,2.332127144719574829e+00
3.673394893357988522e-01,-2.305083721805494257e+00,1.919583983646117264e+00
-7.196478082995541925e+00,-1.750689751946387096e+00,1.350857019499482448e+00
-7.083170523842730937e+00,-9.381733708057740095e-01,-7.062263594267976785e-01
1.416462464768138041e+01,2.363921863318975136e-01,8.644799733785113460e-01
3.675590081553333111e+00,-2.406600756760411131e-01,-4.588223182964925595e-01
-6.654551865587211346e+00,2.532108224144029029e-01,-2.063311140692235313e+00
-2.233490854522042657e+00,-1.422711526607296495e+00,-5.748603336906447092e-01
7.783292784471724346e+00,2.179140266793128777e+00,6.184363917142596812e-01
-1.969122067939191867e+00,-1.686705711089096615e+00,1.339058789774312030e+00
-1.487513090545348637e+00,-3.897165677908570047e-01,-2.566996844933321587e+00
-1.159714104885807950e+00,-9.578603672178076511e-01,-3.163633645135349948e+00
-1.359569666624442341e+00,-1.946582806678303301e+00,-3.196786062475280299e-01
1.208120419405196344e+01,2.374253606874012767e+00,-4.002685813829054418e+00
-1.972710340108426996e-01,-1.092390295077876994e+00,4.774126184010019647e-01
-3.216952963934934795e-01,-1.343204303574122127e+00,-2.262963041937527287e+00
1.347946521135214182e+00,-1.868090511350174676e+00,4.972554024256226057e-03
2.405661810285920410e+00,-2.232979153681415863e+00,2.142610264061938885e+00
-1.254814010124590817e+00,-4.131160185829725884e-01,-9.455636691931692539e-01
1.213513557896333639e+00,7.520465205726865887e-02,-4.670614061204579892e-01
1.274472624892364347e-01,-8.839646519066290953e-01,-6.510529402031404178e-01
-6.032216416272341286e-01,-9.146511999500129830e-01,-1.050360960135419353e+00
-7.075682908422901818e+00,-6.537926871310206778e-01,7.936809644711646794e-02
-6.823041452049134037e+00,-5.932121629119398998e-01,-1.446161701469345640e-01
-3.855877454071808597e+00,-2.305729875600444068e+00,2.265706964070575591e+00
-1.106468112507031920e+00,-8.420109218294248299e-01,9.112134456878333566e-01
2.762041612709132288e+00,-2.619915446998233755e+00,3.201813387477443484e+00
1.209336873685756375e+00,-7.372939238854020472e-01,-2.063392054740731840e+00
-3.155376005805584083e-01,-2.242157816896741096e+00,3.434453697315900667e-01
-1.943620798395498284e+00,2.406971428573618788e-01,-3.134272097121741485e+00
-1.286239145737409384e+00,2.389280931755215498e-01,7.715508913151730708e-02
-4.321493800840070953e+00,-2.314533546148164422e+00,2.007977904372247879e-01
1.068686047115013915e+00,-1.073265415310681092e+00,-1.016766178658287334e+00
2.498597120057976628e+00,-2.100564985196642365e+00,4.681937329123439184e+00
-1.601867019061141484e+00,-2.911583405501669830e+00,1.865687508409639150e+00
-2.838488602321328713e+00,-1.221177403480839585e+00,-1.295355317938519102e+00
6.301356795758003004e-01,-3.495161583456976584e-01,-1.786020380746280667e+00
-2.634909244740707202e+00,-2.637840151614594397e+00,3.652852870692575582e-01
1.256236992538899200e+00,-6.003903155773511191e-01,-7.321140656025878490e-01
-7.606213572774428444e-01,-2.923789689312253248e+00,2.003468733019187820e+00
-1.760061187940329841e+00,-2.572244796864770588e+00,2.010576901040468101e-01
-8.233998092238595135e+00,4.199136427579858832e+00,2.739307800988055153e+00
-7.036130792865638028e+00,4.379306214259842456e+00,-5.341846180499445484e-01
-6.055657903831441757e+00,-1.203964112690808053e+00,-2.866619247913342883e-01
-6.765048251220111553e-01,2.889248139381089153e+00,1.333151065656628331e+00
-6.911778302857447820e-02,3.687210672091366104e-01,-7.056577338118021903e-01
8.058726266429759866e-01,6.210843334345325095e-01,-8.830424506294123344e-01
-8.570923252163558104e+00,3.165148455319972243e+00,1.397256426150118802e+00
4.119434629717789731e-01,-1.200853684635498464e+00,-1.446575924115449663e+00
-2.164058641097755586e+00,8.454946496002808676e-01,-4.588861773807585642e+00
1.183278127530477786e+00,-2.319518807567475527e+00,2.653947079551142174e+00
-3.713312458117182580e+00,-8.797457617426246435e-01,-4.766267272683378797e-01
-1.439208654451044733e+00,-1.258143412560233543e+00,-1.353154953010192285e+00
-7.763608197256998134e-01,-1.839272364623860123e-01,1.014165085238374786e+00
-3.487080595364785651e+00,-1.207918062386132307e+00,-1.671186294176534304e+00
-2.603915064406964408e+00,1.721435520579576717e-01,1.145246066907010585e+00
2.009786122470893943e+00,-1.608377185880553784e+00,1.516599124256156284e+00
2.174928923276649162e-01,-2.010004642200084568e+00,1.872865704870630310e+00
-6.874124314702786620e+00,-8.167809690050353844e-01,-1.820526499641172524e+00
3.491924738621609237e+00,6.745449277082524731e-01,-1.282710881998732289e+00
-5.143145219140087931e+00,-1.210643526483945687e+00,2.181813219284707284e+00
8.242202097140000072e-01,-1.685800582439124895e+00,3.133169183140256386e-01
-6.897797335721640444e+00,-1.161235333257544688e+00,-1.201324553556358588e+00
8.543020599596079512e-01,-2.027902101958072301e+00,7.796066158496811616e-01
1.272892186413263182e+00,6.010592787858379804e-01,7.624792986649628901e-01
-3.169464466630848687e+00,-1.442372949642088731e+00,-2.966572252809964172e-01
7.811284645641295654e+00,6.497899187655452602e-01,2.871393177417955189e-01
-6.160324074039016828e+00,-9.538313697126211688e-01,-4.534097435385379682e-01
-4.782316067006119553e+00,-9.191531410496790455e-01,-1.990344728493735227e+00
5.175187130340470898e-02,-1.818314339772150456e-01,1.170527702228364442e-01
-2.098905973139379100e+00,-1.410241321832314210e+00,-1.820376600510118514e-01
5.525259590757048755e+00,-7.841451521693156013e-02,-2.479973378112436400e-01
-2.859813802261868876e+00,-7.960518645921158543e-01,-1.026064984067663444e+00
2.242126162251858457e+00,-1.481654654535056181e+00,-4.739830784588484197e-02
1.838348595167499155e+00,1.709381629385525514e+00,4.802346569836105639e-01
4.407209287949047649e+00,-6.340037609670692298e-01,1.572582120149292328e-01
7.991885419325241990e-01,2.860822962463711039e-01,-1.605296594803294230e+00
-7.235189807126562123e+00,-4.912909524913100512e-02,2.747855822207174725e-01
-3.736644677026787598e+00,-3.277133450464487563e+00,3.240915463728526458e+00
-2.741634037912757726e+00,-9.084389779397770148e-01,3.639533399200557962e-01
-3.164268491591606947e-01,-2.956987429675608792e-01,-1.780501923694034261e+00
-3.503175281361896598e+00,-1.924221681370168913e+00,8.305636100325947124e-01
2.452024127978107426e+00,-1.008832360161965536e+00,9.398986499250122639e-02
8.820519403148806559e-01,-3.419560989023094910e-01,-6.285057746818605295e-01
1.101832324100865179e+00,4.212136536706613255e-01,9.562307406237173513e-02
-2.326238457543236215e+00,-3.120386764882912556e-01,-1.661997439040553137e-01
-1.334061953319030103e+00,2.311040430289419967e-01,-1.750195500030591989e+00
-3.872060503234185380e-01,-6.352149504051392004e-01,-1.881280056118560084e+00
2.577599148718344058e+00,8.979014425091290663e-01,-9.127907922588087697e-01
4.304683769920272240e+00,-1.350560386563387061e+00,-4.048732743731883743e-01
-4.505606615289418748e+00,-4.521652705513644399e+00,6.141378048244698462e+00
2.058822325732135194e+00,-8.428920361051628340e-01,-1.842361079268477031e+00
-1.520585535846019853e+00,-8.333297464609844551e-01,-1.135212618992707645e+00
-7.632358559357542482e+00,-2.633251317992751361e-01,2.021491037591002460e+00
5.525302109788903238e-01,-9.051858380208319677e-01,-1.301810103974302857e+00
-2.214254832811101359e+00,-8.400435735892332056e-01,-4.864166137730787653e-01
2.759583321029900116e+00,-2.594421722624800086e-01,-3.056190026759044165e-01
6.016104098883200635e+00,6.339385422158097527e-02,1.197850441271114397e-01
-4.175910390999534982e+00,2.532482937700513137e-01,-1.411342549969449189e+00
-6.868785922742844718e+00,-3.825353921389814116e-01,-2.358509848297882350e+00
-6.857124822501416972e+00,-3.947662055251523472e-01,-2.347018248962934095e+00
-4.235730994392864268e+00,2.663134485846562760e-01,-1.143496029554935012e+00
-2.607805718155822738e+00,-1.006224705349918924e+00,-3.862119075031839599e-01
-1.427388196419314415e-01,-1.284305729090045256e+00,6.509724971961966533e-02
-6.116165464742537861e-01,-3.080929820712872580e+00,1.940977369248214401e+00
-6.964367057375306480e+00,3.905828532669625153e-02,-2.065666067526408689e+00
1.270015173185651713e+00,4.162719095172021655e-01,-2.513270177568467378e-01
4.757001257999641242e-01,-6.978716657459825834e-01,-2.761935378772778504e-02
3.017811336638930975e+00,-2.838091001326336293e+00,2.955429755527622326e+00
-2.538565143653676026e-01,-3.051972545726290287e-01,-1.512121233553838762e+00
-2.209311512751525708e+00,-9.462298189341097343e-01,-7.189251576970504543e-01
-6.015949721500498670e-01,-2.624505574638628769e+00,1.428116389386358431e+00
-5.656532604617352522e-01,6.284033044401161616e-01,5.720123397966861423e-03
-5.489209947400136791e+00,1.072106210616166289e+00,-1.580876501211589069e+00
-6.703604490149718487e+00,-2.555876392272445230e+00,4.907493634099437951e-01
-3.164450555711614488e+00,-2.578887133770264128e+00,1.191099581281677811e+00
1.063624736840070195e+00,1.227434541139532209e+00,-7.630213377145482756e-01
-3.022537866440470622e-01,-7.307378925141903014e-01,-1.460315898672596591e+00
-1.747801976271761371e+00,-3.028777711530646233e+00,2.491325364181998125e+00
1.106315138183041169e+00,1.928041491869125768e+00,1.888203846278537767e+00
-1.342302317093808872e+00,-2.068172256063970593e+00,1.074233246409073583e+00
1.177475563709504236e+00,1.072818743367562611e-01,-1.319689961808178102e+00
8.125855112808372249e-01,3.443928005031497097e+00,1.484195625969155330e+00
-6.199565416642434990e+00,2.656742455191995589e+00,-3.604625649512865904e-01
-2.086268289069447501e+00,-1.305188508905796407e+00,6.464536031397554172e-01
4.951683963579455172e-01,6.080296810323051471e-01,-2.481770903907535519e+00
-3.166344200238389917e+00,4.049254783527349577e-01,-1.085372698294491789e+00
-4.119576987974739590e-01,2.314986706080386369e-01,5.688482304698441183e-01
5.791895468680291481e-01,9.479725894121016072e-01,-4.992100887584263180e-01
2.691427064296751492e+00,-5.185949667241526173e-01,-8.092723463951869700e-01
-1.425673730030580177e+00,-2.075108082094970552e+00,4.636779666763958252e-01
-1.280084920869146714e-01,-3.653036334996669909e-01,-1.556416965597215318e+00
-1.568602068193172938e+00,-1.294594632247924038e+00,-9.575807919619057085e-01
-2.890995987570216919e+00,-1.098286543043863306e+00,-8.721224991053009301e-01
2.268357997970035012e+00,3.441768238335602415e-01,-1.781549859483428699e+00
-7.899474256797193172e-01,-9.214483596062400528e-01,-1.580534576511235301e+00
-2.577268173751891656e+00,-2.210428812120098563e+00,1.547141908534128918e+00
4.625692672865828747e+00,-4.040864675924582539e-01,-3.360302559510193188e-01
-7.554004794168092118e-01,-2.266446271332467788e+00,2.969545931805889438e+00
-2.499880992378144207e+00,-1.618025795439175463e+00,-1.924122750254952940e-02
1.064592989318645522e+01,4.178643409040557755e-01,-1.191498414291443098e+00
-4.707917474521441825e+00,4.794449580796618982e+00,2.691167144612783280e-01
-1.592099505528154824e+00,-3.120188660414112025e+00,2.024649464864593185e+00
3.889484055317464328e+00,3.055805936352428698e-01,-2.273178069387254752e+00
1.088190714288966854e+00,-7.583775390143132622e-01,-1.081907988038821600e+00
-5.842498257202248801e-01,-2.538925476184856755e+00,1.344918975188763133e+00
3.871845687469146924e+00,1.766968898700206347e-01,1.124814322360792263e+00
7.468669873833877482e-01,1.025735475262574692e+00,1.698906225884697641e+00
-4.126138030537501722e-01,1.266474689830968003e+00,-8.022969528076845380e-01
-6.440732487806008599e+00,-5.004078269278166013e-01,3.467909733657730253e-01
3.785712218401394047e+00,-1.205006495590622340e+00,-9.827312419128271248e-01
-6.366328270473056605e+00,-1.008230378246798953e+00,1.126924472090817586e+00
1.653519347644112347e+00,-2.145302463810073501e+00,1.332406887530798167e+00
-7.323529699917227020e+00,1.591333679339923535e-01,1.171031513216945763e+00
-2.877193136514807126e+00,-1.519394583597362569e+00,-1.712896888694611874e+00
-2.195426077561088096e+00,2.568049734358885949e-01,-1.105587838114022947e+00
1.019578808304804740e+00,1.503718263139791622e-02,-1.414391510106841165e+00
-2.168203190811090586e+00,-1.062273066306627933e-02,-9.950348181882080478e-01
-6.563698725772765030e+00,-3.898258122483168053e-01,-5.550879161407475948e-01
-9.383148531483600507e-01,-2.762128453024269015e-01,2.959313705705617914e-01
-1.963021279122237228e+00,-2.049110309267467400e+00,4.001188264049502230e-01
-7.176694520522712395e+00,2.148748574077289586e+00,-7.588353988479838996e-01
-5.953468292164985215e-02,7.466011025603499496e-01,-3.529749454393473207e-01
5.312835166770887696e+01,-4.142372539656639319e+00,1.046318558490994732e+01
-2.982453304660594107e+00,2.576439740176150739e-01,-1.042491969699235188e+00
-1.052954575576709351e+00,-1.192756195656254015e+00,-7.281650748336785384e-01
9.574331302941946342e-02,-4.239193515665178325e-01,-5.911740121654439628e-01
1.000314497632710742e+00,-1.565369996695199717e+00,3.325416422092961621e-01
-1.559128579942744564e+00,-1.713288565996771817e+00,1.477248632937665729e+00
-1.817363871908700412e+00,-1.180146199350926350e+00,-3.691755769789462072e-01
-1.866841640907289435e+00,-1.625964647925681739e+00,1.724603940344411557e+00
1.887505880300784256e+00,2.427934156728396020e-01,-6.000743243713787534e-01
3.736661518723706887e+00,-1.717458379461347606e+00,2.272061586762358587e+00
4.698886945588141906e+00,-6.550208827305505910e-01,-2.264473463597816316e+00
2.740609660524605307e+00,-2.035045534557876401e+00,1.094183740872587851e+00
2.465118952627048665e-01,-3.808355264851230881e-01,5.513021059849088079e-01
7.955798380004722503e+00,-9.636908704266834436e-01,-7.034653594628349493e-01
2.667765681159070201e+00,-8.493426328849982276e-01,-7.815953237281138000e-01
-5.789481850508854111e-01,-2.622931103281352372e-01,5.894184436870056887e-01
-4.289705846347862561e+00,-2.678418253817314465e+00,3.846933363775644765e-01
-2.456647504997630183e+00,-1.846949112337426868e+00,1.756574037663205523e-01
-3.414891937074004263e-02,-1.788886409471947436e+00,1.649086159139824481e+00
-1.033062357839216405e+00,-1.239664101217927417e-01,-2.539570723370911942e-01
-4.372777074124496455e-01,2.805294972320991898e-01,-2.871204948020462666e+00
-2.225169747152324629e+00,-2.242997127041829408e+00,7.318470368466742926e-01
-5.915926937317886880e-01,-2.122972869527588458e+00,2.142435429958502890e+00
1.129276279152876095e+00,2.519598049648271720e-01,-2.525711168920483640e+00
3.254201995247219426e+00,-1.019641740602162533e-02,-6.089403908855355319e-01
3.067891885823662790e+00,-1.180928389553295377e+00,-8.545301980800410480e-01
2.783224803725691476e+00,-1.741657272224044484e-01,-2.801071437199328162e+00
-6.615637446487523388e-01,-1.849799424996823927e+00,2.139048072693407576e+00
-1.435047644339683792e+00,-1.827863559703275076e+00,7.649100249999720713e-01
2.063489052322147188e-01,-3.700993572813375820e-01,4.237763811251566981e-01
3.466188965621427309e-01,1.340091695947152495e+00,-3.299138899784525569e-01
8.198676853146935173e+00,-8.758113256469842733e-01,-7.259698226212265570e-01
-2.404225032386189953e-01,4.153456170672701342e-01,-8.285161180801601244e-01
4.328145738675332588e+00,-1.276290808106716135e+00,2.039976156109429839e-02
1.450572286110679343e+01,3.289385322882310003e+00,-3.753497174217627741e+00
6.069530959986868535e-01,8.035850841306696468e-01,-2.205076270464290111e-02
-6.959584100132132356e+00,-3.540793882228758793e-01,-4.836078803569712203e-01
-7.546242940504527930e+00,1.702879793387446661e+00,1.208738556517995999e+00
1.219373078094192930e+00,5.330164740578413607e-01,-2.578286795738591319e-01
-3.443329371661727478e+00,-6.926305716284972824e-01,-1.121418945427329117e+00
-1.993463212339197543e+00,1.430785490933837334e+00,-2.612440049829380051e+00
9.189162366383017755e+00,-2.051599369082169666e+00,2.971426793821271950e+00
-4.226486491338238061e+00,-1.129122361247196116e+00,-7.510099113858371700e-01
-6.833390615995040829e-01,-5.301604303593321355e-01,-1.516935113033865523e+00
-4.773357926094942139e-01,-5.008520657191962711e-01,-2.639272849088866724e-01
1.075690661495744438e+00,-1.530231628983266812e-01,1.960739611818247408e-01
6.794980750678579762e-01,-4.973516234457323604e-01,3.879119906260277695e-01
9.470829275465806774e+00,-5.250287856300231981e-01,-4.547827141104117121e-01
-1.963812956772960083e+00,-1.248739289448952183e+00,-2.814391931746373920e-03
1.008849501640075363e+00,-1.403678261622180568e+00,1.120097649477035384e-01
-2.243120965557314328e+00,-2.752528751154156961e+00,2.026930594363649529e+00
-4.553400708757897597e+00,-2.812175000081583498e+00,2.423565342843885695e+00
-3.340242184350046828e-01,-1.283817826541503226e+00,1.537684263118856975e+00
-5.806190794248691667e+00,-1.471547797021381498e+00,2.525062608378022544e-01
-3.627859054948672224e+00,-2.545101524712934271e+00,3.678505109267701023e+00
-1.503365930531880501e+00,-1.736997106386838796e+00,1.063413770017472171e+00
1.440383470454835546e+01,-2.159811200829198086e+00,1.346715297020581126e+00
-2.076391386800452654e+00,-1.222796529266844345e+00,1.056434957590003609e+00
2.879310981391793312e-01,-1.958983649189973697e+00,-3.729688418937017191e-01
9.184545095614796040e+00,3.472370335188682766e+00,-3.733927175702797197e+00
3.312767762322904819e+00,-2.541706900840475569e+00,5.748283602955792659e-01
-1.166501927275738426e+00,-1.467335257662332193e+00,-1.079523479493018856e+00
9.890269920779412027e-01,-1.239696814968439975e+00,1.036379049791543161e-01
4.461976108523394657e+00,-7.239381825644158885e-02,-3.606418499470156913e+00
8.250110616244193951e-02,-3.484949914522615932e-01,-7.291842063694131681e-01
-2.287659944577971061e+00,-2.571247824092315337e+00,1.524475115570847805e+00
1.184678571670920277e+00,1.094977618952845289e+00,-5.590981543674058418e-01
1.054924845765078167e+00,5.120976405867699865e-01,1.646304304890132686e+00
-3.415798989899771487e-01,-3.986743988992494381e-01,8.117795767543184438e-02
8.871186956228191978e-01,-7.739149804731617621e-01,-5.373193577358746920e-01
6.749467368549314727e+00,-1.170875262912760117e+00,-1.903393865333218971e+00
5.008067119798414346e+00,-8.551049437202955517e-01,-1.454390246770131734e+00
4.396147322169478677e+00,1.028658787882892334e-01,-3.542709984185524075e+00
9.407839093308836276e-01,-8.209609621693485515e-01,3.271130109656981699e-01
2.518455802111787101e+00,-7.542181310172455522e-01,-1.672522379547796145e-01
-9.847115696356906200e-02,-1.702647052239294245e+00,1.093353220919405455e+00
-3.035109953793337034e+00,-1.443923926781053579e-01,-1.840657873187940829e+00
-1.671032585485806091e-02,-1.902270601015327856e+00,3.656823266608850709e-01
-4.194983259933156017e-01,-1.753095277278398978e+00,-6.822637005834708557e-01
6.872400468612998914e+00,-1.090846604509437823e+00,1.944436447819081204e-01
5.526961302116975894e+00,-4.030885668563296775e+00,6.864505878561248942e+00
1.251518321603093620e+00,1.902339328309028410e-01,-3.500148440622564472e+00
-1.599191754536983812e+00,-7.714545342417633567e-01,-1.067298474332248892e+00
4.207322924846678802e+00,-2.376046358846925166e+00,5.032001215295685004e-01
-5.508638658023700785e+00,-8.217981710220039204e-01,-6.249981401847847229e-01
1.591447302354893090e+01,-1.698008185461220565e+00,-1.533927517538118956e-01
1.825462787224479300e+00,-1.516623390858113374e-01,-2.205797704821423011e+00
-1.107330583264052759e+00,-1.150034602562576946e+00,8.192825088418289603e-01
2.648119694437464311e+00,-8.977506691855735577e-01,2.543252324125261365e-01
-2.848910215164396131e+00,-9.462696327521673556e-01,-7.881279592412754331e-01
4.106155250976933679e+00,-2.721458235561044159e+00,1.182009781740106291e+00
-2.902693624543858153e+00,-1.765972586180845294e+00,-3.955694611555349294e-02
-7.077047341491685017e+00,5.322188468974620168e-01,-3.775556578689840959e-01
1.459136444585119374e+00,-1.533642474392318267e+00,-2.779023237548735037e-01
-2.558872403747460833e+00,-2.120041889859427098e+00,2.703879524167016601e-01
-7.024717612793029531e+00,-1.204732101162730773e+00,-1.323054793989093314e+00
1.826816632856420952e+01,-1.256391448413898271e+00,4.387278037024777699e-01
-5.161607187741383829e-01,-2.114626018853176692e+00,-5.041481835137825440e-01
-3.356347213771475602e+00,-1.877604603639866143e+00,8.409154688114650611e-01
1.060437945330221954e+00,1.393935690649404036e+00,-1.764887183788852454e+00
-4.268683876139001132e-01,3.687587597808310025e-01,-1.980074426498076523e+00
1.963402189860861125e-01,-3.349994857992090402e+00,2.218236601522604712e+00
7.800693794304049078e+00,-1.084420823469654627e+00,2.376241059937812761e+00
2.642381763888939084e+00,-1.322031587713853984e+00,1.042091055699959412e+00
-9.053830538088235569e-01,-1.870184925098960615e+00,-6.321288681090371231e-01
-1.511940873373067040e+00,-1.512417919816160916e+00,-1.005945387331752539e+00
-1.245731031210821627e+00,-2.751198891584510364e-01,4.198055387158830531e-01
1.319855957928896428e+00,-2.080383657318153334e-01,-9.886684140787973529e-01
-1.012764386872443412e+00,-5.261134217998053586e-01,6.882852235057618229e-01
-2.032450627811069221e+00,5.135123264564016576e-01,-2.891894526251661102e+00
8.691684330688650983e-02,1.607145072374580597e-01,-3.524815426778092231e+00
2.541570937803459884e+00,-5.512663858856640120e-01,2.261806947880566909e+00
3.100197168927369962e-01,-1.348870782017873582e+00,1.758606930299289883e-01
-1.752780327595734988e+00,3.336053356730299124e-01,-4.177394872854637953e+00
1.446720830285999071e+01,5.529495626029748756e+00,-1.337090912636891282e+00
-7.249273651968911381e+00,-9.386044220009059913e-01,7.939619801063497739e-01
6.455003504984443197e+00,-1.939791929029756501e+00,2.191882122912380826e+00
1.167787153594287375e+01,-8.579584239455806394e-01,1.339347179284283040e+00
6.186048758716271578e+00,-1.324599082855127730e+00,1.261527714618027707e+00
1.624707837860658866e-01,-7.274318464574593968e-01,-1.378326831211053705e+00
-6.494321524526259992e+00,1.381876292287425478e+00,-1.814262121922636695e+00
-2.171006643623513810e+00,-1.269974904984105812e+00,-2.678127068079590778e+00
1.775118595245595010e+00,2.924387211318528468e-02,-6.417825241594078411e-01
-2.100580189661234609e+00,-1.586554904378904451e+00,-7.821419577910384557e-01
-6.388371653073903200e-01,-6.724114238730928284e-01,2.600627221553081458e+00
-2.190834628711513687e+00,-2.400142219558380141e+00,2.325056855313481829e+00
3.566911740056553981e+00,4.457454887368099250e+00,-2.746275120673760117e+00
-4.113990681840278718e+00,-2.456082681342562912e-01,1.888482964427281807e+00
-6.898975124333395215e+00,2.017935674261711387e+00,3.923535888737598176e-01
-7.059461598401032489e+00,1.043994401907825997e+00,-1.162368047333760118e-01
-9.724612472319245082e-01,-1.659642466021937990e+00,4.375438162447515822e-01
-7.279582155157158674e+00,4.572466364147211859e-01,4.897011709188621165e-01
-4.847126980574701705e+00,-2.043801103297795851e+00,2.901764521231791072e+00
6.207990770942457548e-01,-2.989998343710109641e+00,1.599347071161033362e+00
8.031430022999655804e+00,-1.270166728858415972e+00,-1.396594588977767337e+00
1.117239770267064536e+01,1.573461949388948344e+00,-6.644684686130751139e+00
1.807843046817622756e+00,-1.057450796194977949e+00,1.508217593367037423e+00
9.783083195011645916e-01,7.346714189598784195e-01,-2.500935076748807884e+00
-1.514072787100921191e+00,1.560499198111569452e+00,3.905411842986005189e-01
-8.393023170419935397e-01,2.055235159494955832e-01,-2.585982305835154982e+00
-2.206783366981276640e+00,-6.892121140027934745e-01,-2.525501335152632976e+00
-6.212835139193021439e-01,-3.162013907080155839e+00,4.628111117941905661e+00
-5.777915536372207894e-01,-1.808750639147911787e+00,-8.187530468388779514e-01
-7.100364921738519186e+00,-1.009237257737270355e+00,-1.022029898674669424e+00
-2.775865279258042495e+00,5.527043255028112334e-01,-1.682302496206570463e+00
-2.045793790464160100e+00,1.101146779704392786e+00,1.937287566365574421e+00
-2.364170737459217353e+00,-2.021707356573381631e+00,-1.104133498949365411e+00
7.623798478814997059e-01,-8.475282354101161264e-01,-1.154795785098747141e+00
-6.938830514059106669e+00,2.015777656216693747e-01,-2.468979335297225020e-01
1.299640283559939435e+00,-4.621260824437806169e-01,3.386363282100711691e-01
-1.142158535830609667e+00,-1.256128165932391294e+00,-1.243383931226543115e+00
-2.349584785293334033e+00,-1.425333749543055140e-01,-2.776476657158236883e+00
-6.596355385903939883e+00,-1.698582602042227441e+00,4.493251415095990131e-01
4.171813470722565143e+00,1.018404097302406441e+00,-2.282797312821768898e+00
-4.494023475686489633e+00,-9.542933846911306750e-01,-1.474115636573922528e+00
-4.372765779267656860e+00,4.396245943085487773e-01,-1.227691488330721281e+00
-4.041221900301282810e-01,1.178854113242840285e+00,-1.149467430182701477e+00
9.958845585206029805e-01,9.068055514770902992e-01,-2.769292229845118580e+00
-8.336091671356481159e-02,-9.659517591980429918e-01,1.952475183534667202e+00
7.497415470730379727e-01,-7.590471414913296799e-02,-3.449714546234646795e-01
1.931880208130225540e+00,6.332919584541301106e-01,-1.873269381766811126e+00
-8.208694863580137113e-01,-2.807478419756320953e+00,8.651746600131777765e-01
7.870668067612923702e-01,-2.288591122271586009e+00,1.275525168911860519e+00
6.650859006830135201e+00,-1.677767468411022866e+00,1.688696486219947612e+00
-3.104991752265185423e-01,-1.724881192501058536e+00,5.032019813265362629e-01
-4.229309496157280357e+00,-2.388335322058189547e+00,1.830907359983118043e+00
-1.029813586558439908e+00,-1.393270523383755455e+00,-1.661295028274716090e+00
2.576760309310973085e+01,-1.160387739170975374e+00,-1.513265447516529694e-01
-3.593449624785798324e+00,-1.198975863135799846e+00,4.649332451018031720e-01
-8.142817932373379586e-01,-1.100887917342402877e+00,-1.774785258661182530e+00
-1.085979400841892817e+00,-8.263337206805633217e-01,-1.191952563302276502e+00
4.912376431109303887e+00,-1.059076026624026001e+00,-5.801985629303008096e-03
-4.819364065440013611e+00,1.972457066502514733e+00,-1.585945550626169709e+00
-6.624249436367162236e-01,6.806245557963955251e-03,-2.388459267689824195e+00
1.083731982794584603e+01,1.490353997714580547e+00,-2.813988757219135550e+00
7.873514229837437206e-01,-3.311797651053088654e+00,2.451468292925806480e+00
7.050539456653046599e+00,-1.204883290213590197e+00,-1.619251123643850487e+00
-1.315647064141534095e+00,-3.475349825939336501e+00,3.511648719929282958e+00
1.401638900755140149e+01,-2.008393081439832528e+00,4.397293886379271655e+00
9.513505898099547053e+00,1.817430829616603738e+00,-5.443776594190742557e+00
2.085424988730468332e+00,-1.578639851881726175e+00,1.991646951084818262e+00
1.694372203880180061e+00,-1.908777164771456425e+00,1.273612241325755789e+00
-2.177701535409573896e+00,-1.974236564240830827e+00,8.903693779365828842e-02
-3.530681426577985782e+00,-1.382361914163928507e+00,1.606947843553102606e-01
2.461659545966105700e+00,-1.148835135685230435e+00,-3.608394118609850043e-01
3.206548967849019327e+00,-1.555185660660732383e+00,-5.712689303926871132e-02
-4.559505580255322488e-01,3.293809184196253015e-02,1.550877337384484189e+00
-2.444907342767572711e+00,-4.340652036717111972e-01,-2.644229615414972034e+00
1.227091452088899581e+00,-1.268106591514583936e+00,-4.140558338333752419e-01
4.200064226471339479e-01,-4.360123515635028202e-01,-1.981379323802887393e+00
5.733227508596046462e+00,-2.249656386640925376e+00,2.509122195319012927e-01
-6.082272616735230342e-01,8.477904713073103338e-02,-1.012367553275284715e+00
5.327554700587938674e-01,-1.386425647361368529e+00,4.260251169900918233e-01
-1.236725595644218467e+00,-1.028901137242449693e+00,5.042995238618184217e-01
-5.224301072137291779e-01,-1.255294821203231548e+00,-1.171451697443693485e+00
3.703646719901240725e-01,-1.210493475434159638e+00,-7.667184029817211144e-01
-1.516432284962056787e-01,1.235620799279619320e+00,-1.211427642946311112e+00
-1.907188754517931129e+00,-1.466976156216342364e+00,-5.385039483357336731e-01
8.538640215891319940e+00,-8.534473882678861312e-01,-9.364546410008234290e-01
6.377235155838886449e+00,-8.300997579925009084e-01,-1.268310813187194075e+00
-2.093165801509961454e+00,-2.781239411705157316e+00,1.497487731377023845e+00
9.057096095813756964e-01,-2.911276098034399684e+00,1.399396041163758486e+00
-1.601982292697937904e+00,-2.018137807249774429e+00,-1.044812261898147576e-01
-3.048493193682799696e-01,-8.786991815559817010e-01,-2.011740710694693846e+00
-6.413060333058493434e+00,2.712064877771683147e+00,-1.870417296163836340e+00
6.672332014704826619e+00,-7.267076369719006612e-01,-1.351187379801345845e+00
2.659944236094475833e-01,-1.676942118266510073e+00,1.451323939920948547e+00
-7.141308996459433622e+00,-5.864687762128003579e-01,5.578266041419073229e-01
-2.781453897487276006e+00,-1.820446581240460215e-01,-7.703407575406957530e-01
-4.072933729365520172e-02,-2.590497622931851485e+00,1.162741803579557365e+00
-6.775099048129870627e-02,-2.479466684610867055e+00,3.070680170756269423e+00
7.896886671964961080e-01,-1.935879131201485137e+00,1.820968768475432764e+00
6.090373952817554226e+00,-1.490256254343980791e+00,-1.320789481445123759e-01
-2.223715529326620199e+00,-1.989090961725763274e+00,9.378814692050425894e-02
4.260401244703852508e-01,-1.461412131112615809e+00,-3.340011872762899681e-01
-4.691590298995734765e-01,-6.700791446856506628e-01,-2.425412237132276161e+00
-7.095548165219796921e+00,-9.351812640860170944e-01,-1.534585162941584091e+00
1.269491095271202630e+00,-2.410344315466732557e+00,2.294866751319172060e+00
-2.089269174480040903e+00,-4.178468597920207972e-01,-3.201350632800767038e+00
-1.284651187824955576e+00,-2.595600380003186380e+00,1.517187454797328083e+00
9.604572629856261701e-01,-8.163960150367775004e-01,1.230402584183988568e-01
-1.915464682409053099e+00,-2.635299282842163748e+00,2.926529112848317293e+00
9.588629111279953765e-01,-2.438834263971698668e+00,-1.718870446569910893e-01
-4.678133692553702261e+00,-1.768695781568954351e+00,1.260551295580450537e+00
-7.073340436398187214e-02,-2.372412494081160284e-01,-3.328581359414890972e+00
-5.135682403204996915e-02,-2.530163922222027129e+00,1.316891124317328909e+00
2.703747121393661246e+00,-2.125062615578386271e+00,1.073050617872358892e+00
-9.948403919843621379e-01,-1.092919935776461182e+00,-2.187566129712708474e+00
2.369369829465799882e+00,-1.235753276072935503e+00,1.153849930639485599e+00
-3.187114850662021492e+00,-1.093587051693136525e+00,-3.769853444806553489e-01
-2.313558019133628907e+00,-1.136023775303507843e+00,-1.038681140718131779e+00
-1.625427160137667304e+00,-2.616851241092600588e+00,2.240503018524888201e+00
-9.933631887073673949e-01,-1.453652547044406385e+00,-1.435571726915832347e+00
-3.434945524750910195e+00,-3.716344541372944565e+00,5.500575010124642006e+00
