PC1,PC2,label
1.3273234472544124,0.09595963719147887,0
-7.371898296737612,0.9136661818502558,0
2.965714806741247,-1.3091328280710606,0
-1.7608197184300869,-1.393624426464483,0
-0.71888559746233,-0.8408355571085137,0
-7.302340537250975,14.797289273707527,0
-5.099444753326441,4.2622675333484885,0
0.6763144503077221,4.317282390284065,0
5.225831235830177,-0.9007769330876719,0
-1.0262755198160916,-1.7348836916842132,0
2.0008064756290325,-0.25739817879995014,0
1.3697110092192608,1.0953568987811921,0
0.6014575234573601,0.29630674779444666,0
1.043948427018283,0.09642021192567188,0
-0.6204102592522901,-1.1859149230990362,0
-1.8328918930413718,0.855631550821906,0
-0.6926163110291048,-0.4016554779162349,0
0.7297707114817873,8.049073920037957,0
-1.035373888399765,1.7102530394473299,0
-0.3166564947771548,0.15863894719632374,0
-7.775673315684367,19.781070821035325,0
-0.4469425680069956,0.6864233554297444,0
0.8825017034969335,1.9403114113368558,0
-7.11672827572586,-1.607082582646916,0
2.042859630587187,0.11033076325912912,0
-1.3805184124949428,0.6481690506641475,0
1.7003076579733434,1.3126827241970556,0
1.290322504135487,0.24251439418483087,0
0.7901502626460544,0.5786240511978777,0
-1.7988474728925365,-1.2709903894850199,0
1.63332599442873,0.4604881631381596,0
-0.2170110244926563,0.14437391883108405,0
1.0498865889037843,-1.9410250919762289,0
2.4240306273202474,-1.3559105041190271,0
-0.2293286887571054,0.053953027052184334,0
-0.43520421279053983,-1.050786691305997,0
-0.6992716996903973,-0.1249863130229212,0
0.053716624493199625,2.089342561636646,0
0.15609799301759877,0.3542032089832366,0
7.311408604030229,3.164833283961636,0
-1.3252296647726245,0.024634979021919332,0
1.6409808339530993,-0.1966039532890929,0
-1.0416275346370094,0.3698178928500224,0
4.932954264895618,-1.0241564118882105,0
0.5388400369224037,0.8842485942420738,0
0.5212500166949343,-0.29283827313858013,0
3.605482060452541,3.6877545457135446,0
-2.3877259731053724,-1.1984260000872513,0
1.5543851388264425,0.4023246740097946,0
1.13075141989284,0.9889640292819186,0
-0.9006116662813171,-1.4517408597919912,0
0.5913810284530912,0.47887403749300633,0
0.7711904076724921,6.205520305863628,0
1.1885384681764923,-0.7563033032660187,0
0.11096674564873471,0.8642526633154775,0
0.9811317274444994,1.145515679001766,0
1.5858336396699206,1.4087976400356585,0
-0.3667228140921503,-0.47347054665427096,0
-0.14889795494876853,0.4200079379505597,0
3.25914825430866,0.4130324424096329,0
1.8147469894735346,0.14602182861557506,0
1.1705104729428837,-1.3531432422699978,0
-1.246701149404759,0.6231029602132738,0
0.19571190705125507,3.258263125642606,0
0.06882552627839571,0.24565489442807384,0
14.408576365992547,2.671466974787587,0
-0.8895324676648548,-0.9157240225692569,0
-0.17624132172090107,-0.8943370063301956,0
0.6834914984415371,-0.5216081587347671,0
-2.518240701590657,-0.37998273731031346,0
-0.5345972056886032,1.1369062930873806,0
-3.004000343304502,-0.0843806187185243,0
0.21320440109665176,0.2915702384947346,0
-0.9100072736029761,2.3720965580712563,0
0.5628761587320199,3.5954429758438486,0
-7.247271192607449,-1.637868233870096,0
-0.5663034944066273,20.875358273100748,0
-0.9626375895623852,0.15516827970010288,0
0.7913580885422995,0.7931603334555806,0
-2.182642870402904,-0.913259402945394,0
0.059632200971079526,-0.5618500171307719,0
0.4140512873523959,-0.2498652627126434,0
-0.07359582241519423,0.22161792867459648,0
-5.719425229510035,-0.011798634575482332,0
0.3598118852391147,1.0294268609100645,0
-2.745516696103439,-2.105166214286401,0
1.935365446154109,0.040166014112284196,0
-4.7450144295663845,1.289617801304753,0
-0.16022158415897803,0.2804236795355551,0
0.6239978631946362,-0.5179206394468333,0
0.47953420125351803,3.91780481861547,0
1.8762484936779775,5.847255438616746,0
0.9139527358791439,1.740732661202746,0
1.3457671289505706,-0.7170417126158354,0
1.1305750299659467,-1.0345693184341347,0
8.583275294577394,-0.1200834696161091,0
1.5780112686971928,-1.1935953663354868,0
3.008435756481734,-0.27842147590247457,0
1.5119142409755366,1.620613412418195,0
-0.9711294811709785,-1.6232107672837657,0
1.801479792684741,1.4313688517243985,0
4.553691708758329,2.0663895651581834,0
-0.33969354382655575,0.25208970027158306,0
-0.1295197196130819,-0.5268753084982708,0
0.6948221477154127,-0.08991156281501377,0
0.8032715631694533,-2.927434838147738,0
1.9029638431115905,11.086126023598037,0
6.885429224825803,1.787461846870478,0
-0.28852386875375635,-0.022181373772720767,0
-0.04184527559252555,-1.7538690011179812,0
1.274106370996038,1.0810466278484858,0
0.3255517123958994,2.6625528364620847,0
0.9439718631973676,-0.32032959117126086,0
3.372217536909789,0.5026241333141097,0
-0.3124798662908995,-0.1745498850993718,0
0.5850755761082973,1.4133178731198937,0
-0.01954769308036248,2.451328818220034,0
-0.8130481841522395,-1.1156158776722462,0
0.8347576446852807,1.5140426674245966,0
1.88825171187579,-0.2790082391528083,0
0.2140120983392639,-0.9342825996906092,0
2.4838174783331497,-0.6891136461885304,0
0.28033507068010904,0.5845257227997166,0
-0.7522771147584202,3.039239264782281,0
1.1518804851895506,-0.05693153607604282,0
-1.5795233003661757,-1.328423553466399,0
-6.058774274757869,-0.8078833363157367,0
-0.4326395946574234,-1.8301917829558334,0
-6.888294557528678,0.5488929718810566,0
0.8894554551872337,-0.10416554822988024,0
2.9039723547553318,-0.3585936009755702,0
-3.8473613128361723,-1.2423008306972894,0
-0.6785555298992855,-0.690133048751604,0
-0.4813037484365213,-1.025025323547576,0
-0.31387676108311013,-1.1057977015751235,0
0.7065160348014072,-0.49373039600816654,0
-2.2007787969878563,-0.36137437069279427,0
0.4183368173276626,1.4315818784333165,0
-4.648201211098213,1.5557130316616323,0
1.6681169322433873,3.0416839232790904,0
0.4442314059259917,1.0439897192097807,0
3.1571444817247,1.7296641103093031,0
1.0701972620538331,1.6342663578596344,0
0.457018412327525,1.275902185966053,0
-1.7235407880599856,-0.42573680592089713,0
1.088965113095547,1.1134263149847452,0
-0.08854233490691775,-0.08914775017662767,0
0.9666759938568098,0.16289019068328772,0
0.543192604126498,-0.38016472018664876,0
-3.2016899577270417,1.2681410207706523,0
1.9568200214506235,-1.4487489295273057,0
0.30810896108812874,-1.4743812037950246,0
1.031360246181598,-0.4878772449553695,0
0.03775768141513076,2.535593659550936,0
-8.2008134345586,3.3877210612921,0
1.327977016080898,-0.6804855757219732,0
-0.012658327576323444,1.291121289708507,0
-0.7147926589085041,0.7883697381092474,0
1.345367084965945,0.8645488112942822,0
0.20800222902194776,-0.13858863459476448,0
0.5429375612971645,5.635591323898294,0
-6.864619676744236,3.776888732808222,0
-0.4893640824355655,0.7693508337534091,0
0.66813397937822,1.0102715515545586,0
0.5592239969405195,1.0153004424503689,0
-1.1642209312972436,-1.11815514669437,0
0.5670794644443459,-1.3299703574677317,0
0.6085083485144475,0.902904430578001,0
-2.1652896736841063,-1.6019908292293201,0
4.470774746531704,1.6537565552884723,0
-1.8701859764546493,-1.3636651627552563,0
0.7494664399129415,1.6527878816812593,0
0.8286369841564702,-0.32353592132758874,0
6.363234694680971,-1.0945737715754782,0
5.1360795704686995,3.546295583381322,0
0.2736255432015796,-0.3536504716805064,0
-1.3885271506127395,-0.17197441406609862,0
0.6648615418026771,2.8115537730070383,0
1.5056016955494504,0.4048436619312982,0
1.5135061828477567,6.216909196617767,0
1.200037203026576,3.3397594601694647,0
2.6271447658194385,-0.34023961187488283,0
0.7090959842150708,1.0081192420719467,0
1.4374988958501365,2.018879156027027,0
1.3757809300244535,1.3051953322958685,0
1.2839933688035001,1.0341518220915742,0
0.37994425748181054,1.0584707867331924,0
2.3166654198216903,0.06701157696349701,0
0.23953765815590253,1.7695904265966689,0
1.7517929962029404,0.3326379621853206,0
-8.840909821414375,10.298327298017131,0
3.928957869343262,-1.2902972741171357,0
1.470989521966729,0.1415389163401781,0
0.22087520886220735,3.2488717340744313,0
2.7794820656148564,1.4105731084552648,0
1.4431832845915573,0.4101084476548607,0
-7.036495217814325,0.42941612300382,0
0.32647522547462277,4.721832983117472,0
-0.8061779979357362,-0.5364467331053291,0
1.3962868635325536,2.1964677362233904,0
-1.440860483756502,0.4353604048290798,0
0.4033630371894063,2.832541062900758,0
-1.0750609106041125,0.160643734217176,0
0.7011092686505306,-1.226095268303656,0
2.0609265360841125,-0.30592829521494086,0
1.3248770739580968,0.21455414096878295,0
3.2633163711638846,2.036476733414388,0
2.2814045748466927,-0.48054942178887916,0
0.1904419949292876,2.518794536327588,0
-0.3610609836569517,0.6902203735179341,0
0.9345348786705804,1.7713444642076257,0
0.2865938556394457,-2.698963738174117,0
-5.008926220703979,0.020588776885730728,0
3.8881016880465324,-1.1311207443023579,0
0.3620935296895781,-0.7171655600892846,0
0.5698036981417118,0.5249432035424744,0
-0.7634164534252718,0.5032105218500975,0
0.8465793823781603,-0.1477824415029816,0
1.0757700585315955,0.3513091833871523,0
1.1284970924981628,0.5785142543321539,0
0.8126152585305756,-0.43711368036408077,0
4.46460840743923,-2.0468702626511597,0
1.264665314454701,1.496242763755554,0
0.13276172201969114,0.4600787293697033,0
0.21905111127196394,-0.20834498382255917,0
-2.7861426098699913,-2.4201293065656757,0
-2.5542978264796563,-1.9374550001112147,0
-3.8831551638176447,4.042887502232523,0
-0.9951620698940672,-0.4886739031079952,0
0.9185582822517921,-1.5381504817973666,0
-1.9414701223549244,-0.13170465360162056,0
1.3907159304216903,-0.49926897918410756,0
0.6960171146610679,2.433911278058335,0
0.1382999637265201,0.8895778138883886,0
-0.5430970680345074,-0.6916585570873721,0
-5.4397157151345725,4.724189622703253,0
-1.3425458623481101,-1.717161704553894,0
2.214043861481694,-0.002487707792975128,0
-3.9478630294870887,0.09891522067417549,0
1.3753608338450538,3.9384800094642434,0
-1.5225402891376751,-1.20208295204273,0
-4.363708115834237,0.7570747536941387,0
-1.0966867827690256,-0.5584021210170805,0
2.5072589424012937,1.033520041630287,0
1.4039967251089323,13.22774642931158,0
2.9258550616631642,1.6908561947060772,0
2.088033023821912,0.48953454487138753,0
1.8885018773816042,0.6949135268024073,0
1.8842590938704966,1.1778995278656743,0
1.4871481899299563,0.23518916407726395,0
-0.45647485601335164,0.7382627869736165,0
0.3562193936993684,-2.500996130584791,0
1.5722712129780856,1.4465832932640723,0
-2.9904995475699963,0.15119526861472082,0
0.22956680710460034,-0.262733281567693,0
0.841574122030128,-0.9821740914001561,0
-0.39320523281037484,0.2652246490023503,0
-0.8445579729328465,-1.4183477687961994,0
-0.22276436476841094,1.5865816580856886,0
0.9624672314846644,0.24185284400195906,0
-0.5383460590202808,-0.16178015906125243,0
0.3197783810255677,5.873305193972809,0
0.1968175629281728,0.027978725842829906,0
-4.783200499277926,0.7406149723724452,0
0.08484787694024416,-0.42944860504455235,0
-3.132646477138965,0.5495606760002554,0
-3.246990933654936,1.0571303659193112,0
0.13029236985596387,3.095561774764452,0
-2.370072896540988,0.7495389164324221,0
0.3152770689388558,0.42640959754208424,0
-2.862005635623795,1.453742184591888,0
1.740567913449055,-0.7385136383979017,0
0.11538388920348755,-0.5612126660690638,0
1.5421992169737597,3.0290525242939528,0
-7.736404419379243,3.5216866768181214,0
14.025313388077803,4.978899712499093,0
-7.261093706634855,0.6871810827441855,0
-1.069403021606208,0.4862612999606757,0
-0.919302825106063,-0.5226925380086475,0
-3.631534682066179,-0.680611236082915,0
-3.658353846114792,1.540140879637829,0
-0.2991297649162654,5.1418282934244655,0
0.8625756829581593,-0.5961670567410211,0
0.951578099862019,2.8733113030855817,0
1.4068245421441699,0.3168649341309785,0
0.3687647436643593,-0.421151082007342,0
-3.5361841992594343,-0.2398467699559528,0
-3.291217248236983,3.5064051490214285,0
0.7494507150452872,-1.3373392062225404,0
0.28962028160130054,-1.0058001158738161,0
-3.7959393082189354,0.7567901255648433,0
-0.9426233865417041,-0.1957636889938551,0
-1.7012193588650675,1.1853162930950543,0
-0.7536364160643746,1.112114228227927,0
-2.5435219007248175,-0.4103236783406989,0
1.3560597955356126,2.433075915227981,0
0.9744772755387909,0.1399928496504495,0
0.07551325198253361,-2.651112145446882,0
-0.40494335391448794,0.3659183117627615,0
1.9723137607266106,0.9915590903096501,0
1.365073728801183,2.3446360355537226,0
1.9738063058447095,-0.7548600440622212,0
-0.30865687438774886,2.1534232505918482,0
3.983923463172397,0.826982102308812,0
-0.4516193106168918,1.1216618922059738,0
-2.7125117484707317,-1.350455537802896,0
0.14554224987727005,1.9657406500726018,0
1.2468489816475596,-0.2625490971712717,0
0.04228820308979666,10.198252686469274,0
1.2128278341828373,4.4515012201244035,0
-0.6616486520342936,-0.7769911694137475,0
0.3933720102025768,-1.7057143134174497,0
-0.5010250964188114,-1.0416722371931835,0
-4.592357781190289,-1.8317483592813921,0
1.4297609155967135,4.587812989858099,0
0.08628758612606369,-0.8548887826804376,0
-0.503119553717381,-0.21596350045520332,0
0.25377294261818206,-0.9717120993824612,0
1.490280397112478,0.4004874212667211,0
1.8303869453331,0.9111780869559957,0
0.48126286390479706,-0.15741762218803643,0
-1.3458613120887748,0.5377271861398124,0
-1.2592504155161997,-2.769224782896243,0
0.2867639338071543,-1.009282914895175,0
-0.8737427834737642,-0.1572372881672109,0
0.3989817512831283,1.1887591655858716,0
0.3309142944895146,-0.7239924007187318,0
0.40689741490784237,1.3449639885858535,0
1.189312196636529,0.8394106871447456,0
-7.408795027687232,1.77835645050842,0
-6.877626618183168,-0.046845818676904044,0
2.43221339145008,0.35389683885776163,0
-0.8260301133324669,-0.11394034833234751,0
-0.3859406089579971,-1.0544630576953822,0
1.1584187952805054,-0.6387320131756022,0
-6.88861012355115,1.2971559353209343,0
-0.6851086446148095,0.9098251332398537,0
-7.819714426043163,3.742767609400315,0
2.6341589218881114,0.011969246317628395,0
1.9969209233455003,2.970231789812773,0
-2.7862129901576353,2.431884400503075,0
3.3425233202512996,-0.8418238484766324,0
3.086153269002062,-0.5260841095032797,0
-0.08970315631644632,0.3860815128544377,0
0.3979418679962835,-0.7982717252098637,0
-1.3089120294917413,-0.6088077972277256,0
3.659371003552418,-0.8792827885382015,0
-2.683972462336401,2.210079122259571,0
1.5059594345732221,2.7617367764183083,0
0.11019376531435986,-0.7711096488555151,0
0.49194100891939363,-1.8419328969872457,0
0.028030263084989734,-0.2971458272330558,0
0.4912835431451325,0.00794511159149596,0
-0.9579848131426412,-0.18492837636459586,0
-3.5349813321186896,-0.60641863627173,0
-0.22880152316116859,-1.7111072461707577,0
1.3164651154861444,0.9535996730614785,0
-1.4824848597560836,-2.337921210344844,0
1.8638140375438614,0.6626916073728903,0
-2.8765562813294108,0.39007228862575666,0
0.35542810319425905,-1.8943131927719403,0
-0.673020624922252,1.4053723266166005,0
1.8421240589468855,2.001191941416397,0
1.678979615393543,-1.231512943938552,0
-0.06365441821174467,-0.9638336382712306,0
-2.281853019864271,-1.101044170693985,0
0.6735548479999363,-0.7485826671195343,0
2.2570497319992837,-0.12779390612323027,0
0.40969755403637464,0.6476619554442758,0
1.130378719742362,0.2869204114373238,0
-0.05908448442260215,-0.7814262101078755,0
-1.4987452712295557,-0.09588412422439886,0
0.7665051562506076,-0.2586180058890755,0
-0.8104016297805193,-1.0336464751148524,0
1.4866057101321075,3.2570621234268073,0
0.4085762745798288,-1.0757787613230219,0
-2.4098476368912345,0.5741288913367021,0
0.8980109407100987,0.8118959724975748,0
0.05378628686838351,1.1661399678456463,0
0.09607606591442275,0.1766433760975361,0
2.0518158485069677,-1.379085027018534,0
-0.9252696744103355,0.49200826584035584,0
1.5100058070047426,-0.40072955280756356,0
-4.52627466588889,-0.6322339012296845,0
0.9588087928330427,-0.17859252942487294,0
-0.06314315946252783,0.9278368286994039,0
0.8962995091195495,2.3528305109000733,0
-5.482534846664421,0.3262025940467431,0
0.6495606183206193,0.5520930748612844,0
-1.9678812539521366,-0.764129320150428,0
0.7677371985788826,-0.4347045686712377,0
-0.3975470994771208,0.2840295823393785,0
8.366077085396654,2.1406350775010297,0
3.451039301090391,-0.35168200848692593,0
0.7977575614271423,0.9604911387852059,0
0.08060888717724168,0.2089178295978457,0
-6.829808739648111,-0.16965358716629944,0
2.5434260502761816,2.158547925984068,0
1.6283946232637543,2.832225098527143,0
0.30198394177421684,1.2113360486125,0
1.7951706041722733,-0.25626641937601424,0
-2.37705169542268,-1.848918130922858,0
1.0983395499811281,-1.0345472715686295,0
-0.8711788714513257,-0.10691268162385373,0
-1.1280919641566665,4.008065443980789,0
0.906661238508896,0.9404406264629289,0
-2.4941322266749664,-1.106678352269724,0
-1.401657947846613,-0.6549355964643958,0
2.4954910395159486,-1.3690969774186983,0
1.6490934386589589,-1.8632217039852257,0
0.6455111062169,-0.5048362360819578,0
1.3550252426836222,-0.38312107466214596,0
-6.875666657897801,-1.2000553856860008,0
0.9854419588752396,-0.04771503272591605,0
-0.7126912125768934,-0.8081300176761438,0
-1.7191231336197264,-1.5360372656402816,0
-1.196750643729049,-1.88026906196032,0
1.9861521623543386,-2.0556430662980807,0
-1.715321645804606,-0.16315104753681337,0
-0.34986397703756544,-0.0024208442351622323,0
2.643040303134929,2.0362700259775535,0
3.793592882290767,0.4830803067994964,0
3.3761186759006883,2.1587834738240463,0
-4.20432304807579,0.09169118346490954,0
-3.4858146535311008,-1.846598962841499,0
2.2691257687738084,-0.05269361298602394,0
1.6878510508541478,-1.4845215801636833,0
2.09353392333795,0.41809394399815525,0
0.8718418221696387,2.0440053303817773,0
-1.0904752170197924,-0.23609823791230578,0
-1.2115554568001417,-0.5283417545333465,0
-1.8633311224518991,1.137055153765328,0
-0.7978852793794671,3.42645272172671,0
-2.440986083393769,-0.8342986022387493,0
-1.316500259512786,0.8698285661779626,0
0.9982984941710412,2.4964701837458203,0
1.1478393759533094,-0.9144172494083566,0
0.6891911752590584,2.930233811165881,0
0.7510211716424341,3.7682906540853995,0
-0.8816364978811616,-0.5329222619127982,0
-0.07466664833002548,-0.9961749946774882,0
2.0764881110086764,0.3010123255578706,0
3.13107061214078,-0.4884214458374041,0
-0.5604901341005383,-0.3287333177888719,0
-0.027275139554245046,-0.1666151237520334,0
-6.542979005105051,-1.8259064862316845,0
2.0541182111597047,0.24667946296184173,0
0.09674665847564079,0.15641824281416444,0
-1.7210172308347196,0.0003256713315125156,0
1.3643835354781095,-0.9915364165086261,0
-0.9775859137003355,-2.3132062239981064,0
-0.462761506747304,-0.20020605435971137,0
-2.637536956992096,-1.268197222607621,0
-3.357013454504986,-3.1392791546822467,0
-2.306350767567609,-1.352966717597161,0
0.5160040438798331,-0.16743969044580304,0
-2.5987698079609776,-2.2630103516649793,0
1.4531859722630267,2.200901887470174,0
0.6536431745173756,-0.7846492879382473,0
-0.0604223215965154,2.091157377391294,0
-0.798616077175905,1.1687186290586102,0
-1.7562521225281884,-0.9833427671097507,0
1.1575208784207733,1.0084072920645637,0
-2.522732502284036,1.763706059170575,0
-0.7925640854300905,-0.434937670955822,0
-1.3836830414694719,0.4082826076506082,0
1.0917489853672302,3.0755848802973818,0
-1.999764664284462,0.3048592947938223,0
4.6731525857303495,2.021177813139083,0
-1.1885316724526653,0.353267766148727,0
-4.702229502499741,1.2049197996916163,0
-3.2302882937765447,-1.0520235158655866,0
1.7460914111938537,-1.488271686614973,0
0.6482205816622374,-1.3026550180843004,0
0.9205913223229762,-0.22946576097102167,0
0.40793402912232357,5.906168840296304,0
-0.7133757213503035,1.989913021812446,0
-0.10434270115091465,0.14173512664961588,0
0.6932688968418141,-0.07070738137925223,0
0.8320940506283239,-0.7215892521214161,0
2.1871845182476646,4.595659397728576,0
-2.8091367075374936,1.2487151563401875,0
0.7791844001299267,-0.9970367774741415,0
0.6440425936271316,1.1646061517771629,0
1.3310111231780197,2.252498830981032,0
1.6089450952218052,0.4019601095338488,0
-0.7750398193694447,-0.7375531991320313,0
0.7450815721388638,2.5041666289420412,0
2.8782827936688182,6.717728737619776,0
0.7884036087047791,3.378934086402908,0
4.364944087251199,-0.13218720802244013,0
1.512050631229641,4.062117391089237,0
1.585730769233579,0.3463781218281119,0
0.542321187213633,4.048467025610199,0
2.197071879662487,0.20211373889537054,0
-5.526028956422724,0.5161819503925663,0
-6.238127964666662,3.9858302197059023,0
-2.577880071878929,-1.2233270725246987,0
-2.542067459700574,-1.331392957890238,0
-0.0744358955065123,3.4699645796074137,0
4.744453825120334,0.2711079700663572,0
2.244386604244997,0.2769884643252994,0
1.0284800935876182,3.4880763098493133,0
8.026821542274183,1.8099777607335408,0
3.1049933847359763,0.2903257420736716,0
-0.8453369256325552,-1.5761208209423743,0
-0.49806849047309243,-1.1926327840861333,0
-1.9686923261003897,-0.3044147613581653,0
-5.594382081427224,-1.5836308227852776,0
1.959150760036192,1.7273555548648127,0
-0.5887220587350429,1.7699944231241977,0
1.287310785228157,-0.2694984283580099,0
7.938603930443415,0.45439167197563785,0
-4.374690155444509,-1.9792194154549456,0
2.397114729029007,0.1948978210972128,0
-0.8261758492135354,-0.34282724769893047,0
-6.989934575648687,-0.20503740121867983,0
0.17597761534318201,-0.8347121552535468,0
-0.9796109248293956,-0.2606344259198852,0
1.4447100084858717,1.7849107791259606,0
6.925072064861829,2.003301219162197,0
2.914399045676608,-2.4470542002025897,0
2.2780037168531364,0.4453909450116216,0
-1.2899163741763844,-2.020340345488779,0
1.4440599254341104,0.9913990543558281,0
0.14061499136543046,-1.3651086076391856,0
-1.073191428427396,-2.3406111924619855,0
-1.9296589722574937,-2.8613534168700565,0
-0.11115388562303707,-2.1772645597934157,0
-0.8481228961392604,-1.7731411164152566,0
-0.028133219344004732,0.11375366918652913,0
-4.372278268294688,1.4865683485441876,0
0.07709730325566622,1.6844907696009959,0
-2.6316358793442864,1.2539600621247047,0
0.5995358381730467,0.3297508160926676,0
2.095470417276652,-0.17965136855291142,0
-0.07160745757618295,-0.8777517827391432,0
-1.1025733779071905,0.12266779262267279,0
-4.500319672584625,-1.6692920499028485,0
1.3299512755820373,-0.902800346332597,0
0.8297048357591827,-0.5745401138032075,0
1.9798198678133487,-0.6348799468321578,0
-6.657844048713943,-0.4348946567811056,0
0.04465307043497695,0.8126082748702094,0
-2.7778033886982745,-2.162661988224675,0
0.21100230834925413,-3.098930670406777,0
-2.893349384224581,-1.8910403638052795,0
-1.7171831938099225,-1.3581518255667933,0
-0.7762196982219566,0.3678991632232636,0
0.5846102809904268,-1.155704482773276,0
-0.009540977324890048,-1.2212810557607345,0
0.6399544906737366,0.9479256894264082,0
-0.27534863825418165,0.9145003063143553,0
-0.8939145507571643,1.648649195595299,0
-2.3657574327830813,-1.7203992489497162,0
-1.2206686514355851,-2.412924282404005,0
-0.04343111592042151,0.8266934035266384,0
0.8089452552053087,-1.2663191182471742,0
-0.27969904725142936,-0.2590647890338599,0
-2.803687808155457,-0.7138994818940985,0
-6.94424381287688,1.7281529344924782,0
3.716783258013983,1.091762084783837,0
-2.310733141433007,0.1475549613347344,0
-1.0775368357510098,-1.8954492264489973,0
0.970716943475735,2.9912366623522137,0
0.22877235326785442,-0.4756729460278995,0
5.087732992632056,0.5088092659468607,0
-3.166759330491097,-0.3300088003621081,0
0.25876926694417834,-0.741365417485308,0
0.3455095686594867,2.1358894633153422,0
-1.6144177094734988,0.16679678559708444,0
-0.8871844750758021,-0.2587520357143688,0
3.403642672069531,-0.18292029431612522,0
1.7235274890730237,0.3161115625110604,0
2.9309176809984034,1.6363979368672477,0
-0.11814671306326144,-3.2070713781239566,0
-0.30901595739211035,-0.8550505006130014,0
0.6832442067921868,3.7680530881680734,0
-1.7301873504938128,-0.5355805521702467,0
1.4569712464837932,4.961849271993065,0
1.2876027751498922,0.4307342374593155,0
-1.0285131827686937,0.7236255855984899,0
3.6734103027192804,-1.5671582511112152,0
-3.569748046652491,-1.8981609169759972,0
-3.856833653284193,-0.3025465563678485,0
-1.6478522687628945,2.078526167497972,0
0.500073488676685,0.4487508422523934,0
-0.5050351137698738,0.5958528678903983,0
2.7452931355512478,3.7507859832634067,0
-1.931606973832368,-0.06727318514265657,0
-0.5455992774553363,-0.8488009708292408,0
-2.3319586293772216,-0.3765650951736956,0
1.444811336998857,-1.4376684341922443,0
2.893721696124283,0.7715761999579855,0
-3.11272741084903,-0.03216076425685336,0
0.77293432663784,2.002819968757485,0
1.1662102068220923,-0.31699029813619073,0
2.0501550451441495,1.3086487533429563,0
-1.2123156713967096,-0.29378234296811356,0
-0.8335414811713979,0.23700299103677552,0
1.3530765278995684,0.8443622019051299,0
3.2820824038548744,-1.1526029173965162,0
-0.531060586750596,1.0913714094221778,0
0.6800038585393599,0.610241008653849,0
0.5069615542315958,-1.177308169966546,0
1.8549099224187777,0.9285773519866685,0
-1.241676163514041,-3.252079348510956,0
-1.4005580233557888,-1.5511229891234015,0
-0.3290220363784326,0.8036357705330938,0
-1.4580326574015978,2.953650650583398,0
-0.3912248513196932,0.40910954623367474,0
0.1294932021539305,3.5092824738024184,0
-1.60253246857958,-0.1454904605233972,0
1.8169803953842716,0.2449664818265747,0
-3.167399815446675,-0.8651610675443657,0
4.444674911751668,0.12306636994883859,0
0.41126196759398753,1.58506838528702,0
-1.4202334639433505,-1.795929101866631,0
-0.0002086520257382104,0.590993801564485,0
1.5084553364701299,-0.4885190195540153,0
-0.9704258078355363,0.4801465511621291,0
-1.6620756887058528,-0.06069751130542807,0
-1.830629419022821,-2.100038098683702,0
1.0218869183683281,0.18299591868457302,0
0.9509045235666604,0.036026885631032596,0
-0.8223454657922608,-1.1804581838230948,0
-0.27062047738292866,2.0454147349235305,0
-0.19657871798894966,-0.6478558243050087,0
-1.0786010393819787,-2.638266024281693,0
0.3764524356644886,-0.3323435433871346,0
0.07739442282125696,2.435888305729962,0
3.2832409677851535,1.2521018323203632,0
-1.4790750233197403,-1.622877221419949,0
-2.9385510096572043,-0.46235552327037893,0
0.4087971330812337,0.6613381149566409,0
0.07376579048198388,-0.27213919979755885,0
-3.080281938452058,-1.5418051587941701,0
5.017380548382508,-0.0222489766483534,0
1.1398135503697004,1.275009867334989,0
0.4274459312871669,2.8908163816904886,0
0.5322629747113479,0.891159296587454,0
0.530199823920434,-1.0364405035184463,0
0.8458193313207831,-0.2503071340686728,0
-0.26388504104403127,0.5440431387563363,0
-1.4837754695191716,5.118384241636613,0
1.0031309303971923,0.016313490506989634,0
-2.1655692860312055,0.3953118807409592,0
2.3610957182419448,-1.1894575733364487,0
-0.03148763657171203,0.8217337453599389,0
3.0794355326845193,-0.5282414486701201,0
5.255662212948437,1.321625718809696,0
-2.546801892802649,1.3602870173469257,0
2.616707716055329,0.6246873310287688,0
-0.9242779598010779,-1.15093673949252,0
2.7599218546424553,0.35191423007100564,0
-0.28738085176907824,1.1177967476431248,0
-1.2664187442580541,0.3894531855098971,0
1.968154131154901,-0.8093007084778759,0
4.988204487439267,0.22802468843619422,0
2.196422455678185,4.576878362930623,0
0.1300571684131192,-0.7676210016036829,0
-1.013774979925436,-1.4210854957177756,0
-3.3226010653604465,-0.12501026618743608,0
1.6855194697523828,-0.06289200181894192,1
-0.1422578777211222,-1.5844668611745447,1
-0.5603107683431942,0.1668004109656871,1
-2.576388103630596,-1.024055528455483,1
-1.2543827226801405,-0.6044424803735369,1
-1.3547556176045557,-1.2205358184143857,1
1.2545661726102102,-0.7542882386045416,1
-1.9854825200469137,-1.3651432009077697,1
-2.0528886957019243,-1.5386504964291914,1
-2.7906347841613943,-0.3391147612245411,1
0.6132564839278659,-0.03205385401507525,1
-0.8437291123903431,-1.853157855776723,1
-1.4398974981355979,-1.184860442558759,1
-6.860385201279707,-0.021412306016096536,1
4.232432483900714,-0.9227750353669176,1
-6.915710066387372,-2.0557762100897277,1
12.440438386741077,0.22552770139793282,1
0.07441777542439697,2.8196329794651427,1
0.5503268823244807,-1.6671538086659612,1
12.223525516345044,-1.4562861724359446,1
-1.1956436186726696,-0.5273731458176275,1
-4.610208359776559,-0.20993760920052856,1
1.4659909949756653,-1.456234194021371,1
0.9319123800635791,3.3333982889348053,1
-2.547133517413913,-2.767789100589018,1
2.843657477060578,0.4388677954107752,1
4.8639071139605,0.248890985346008,1
0.9084177501142232,0.40145152323380806,1
-0.677990292353649,-1.45553644815054,1
-6.975944875012178,4.453922620683314,1
-2.3958200597365957,-1.4594983233460692,1
-2.963606010864148,0.5824434323422436,1
-2.6589965906945374,-1.2262574996779654,1
-1.8625042687409625,-2.3907345493665666,1
2.5893452647607824,0.08477280944025684,1
0.8393012922645887,-1.4390781356553193,1
-2.8113559252524825,-1.1599364418358988,1
4.561812361487767,-1.5230732091517356,1
1.2290752011264492,1.298857367674506,1
-1.9373257216641244,1.9877481666276586,1
0.5715835587437775,-0.06408518483329559,1
-0.8720185987467803,-0.7038445953243463,1
-3.8790207902671225,-2.8205658091185497,1
1.5202917267292555,-1.0609092838984608,1
-1.184394569385451,-0.12908125474271406,1
0.39994837282669227,-0.3079596550878334,1
-1.6472678358558857,-1.3428472168160233,1
7.292534646259061,-0.9514514096377616,1
-2.1664379732640913,-3.3314970121038825,1
-4.786825414278277,-0.8878984311126183,1
1.1503215071370396,-1.2816395661556805,1
-0.7131079498346167,-0.7139302312996103,1
-3.267468831434326,-1.8972201298903792,1
1.2543024034138301,-1.0770028966342766,1
0.36733948933586896,-2.305083721729213,1
-7.196478082995498,-1.7506897519055074,1
-7.083170523842722,-0.938173370808962,1
14.164624647681277,0.23639218616615731,1
3.675590081553275,-0.24066007578005946,1
-6.6545518655872336,0.25321082238240805,1
-2.2334908545220427,-1.4227115266347854,1
7.783292784471612,2.1791402666578574,1
-1.9691220679391896,-1.686705711115754,1
-1.4875130905453555,-0.38971656781014946,1
-1.15971410488577,-0.9578603671718384,1
-1.359569666624423,-1.9465828066814046,1
12.081204194051814,2.3742536066614606,1
-0.19727103401087126,-1.0923902951468232,1
-0.32169529639345024,-1.3432043035228096,1
1.3479465211353145,-1.8680905112132316,1
2.405661810285907,-2.232979153746268,1
-1.2548140101246006,-0.4131160186076579,1
1.2135135578963014,0.07520465200594305,1
0.12744726248916766,-0.883964652037766,1
-0.6032216416272235,-0.9146511999500206,1
-7.075682908422895,-0.6537926871295368,1
-6.823041452049136,-0.593212162925263,1
-3.8558774540718024,-2.305729875635307,1
-1.106468112506978,-0.8420109217526629,1
2.7620416127092002,-2.6199154469312376,1
1.2093368736857457,-0.7372939239147106,1
-0.3155376005805469,-2.2421578169187897,1
-1.9436207983955738,0.24069714273899498,1
-1.286239145737381,0.23892809323016895,1
-4.321493800839976,-2.3145335460240286,1
1.0686860471149702,-1.0732654154045587,1
2.4985971200580654,-2.100564985079734,1
-1.6018670190611115,-2.911583405502014,1
-2.838488602321269,-1.2211774034020877,1
0.6301356795758214,-0.3495161583156636,1
-2.6349092447406406,-2.6378401515510688,1
1.256236992538904,-0.6003903155796201,1
-0.7606213572773871,-2.923789689271626,1
-1.7600611879402535,-2.5722447967841906,1
-8.233998092238616,4.199136427618942,1
-7.036130792865659,4.37930621429226,1
-6.055657903831443,-1.2039641127160123,1
-0.6765048251220407,2.8892481393834357,1
-0.06911778302860597,0.3687210671630765,1
0.8058726266429436,0.6210843333914607,1
-8.570923252163597,3.1651484553091365,1
0.41194346297181617,-1.2008536845958966,1
-2.1640586410978475,0.8454946494645822,1
1.1832781275304316,-2.319518807683453,1
-3.713312458117138,-0.8797457616856744,1
-1.439208654451078,-1.2581434126399942,1
-0.7763608197257377,-0.18392723652933018,1
-3.4870805953648127,-1.2079180624557844,1
-2.603915064406964,0.1721435520625414,1
2.0097861224710227,-1.6083771856942903,1
0.21749289232766542,-2.0100046422313556,1
-6.874124314702786,-0.816780969021117,1
3.491924738621636,0.6745449277650606,1
-5.143145219140059,-1.2106435264551272,1
0.8242202097140152,-1.685800582442783,1
-6.8977973357216325,-1.1612353332710832,1
0.8543020599595645,-2.027902102068666,1
1.2728921864132476,0.6010592787695705,1
-3.1694644666308327,-1.4423729496427031,1
7.811284645641193,0.6497899186153817,1
-6.160324074038999,-0.9538313697007047,1
-4.7823160670061355,-0.9191531410929316,1
0.05175187130339695,-0.18183143399341808,1
-2.098905973139392,-1.410241321874789,1
5.525259590756991,-0.07841451531652512,1
-2.8598138022618476,-0.7960518645687366,1
2.242126162251923,-1.4816546544523448,1
1.8383485951674658,1.7093816293620194,1
4.407209287949043,-0.6340037609889713,1
0.7991885419324892,0.2860822961929085,1
-7.235189807126568,-0.049129095261503004,1
-3.736644677026832,-3.2771334505972516,1
-2.741634037912763,-0.9084389779680906,1
-0.31642684915922253,-0.29569874307828187,1
-3.5031752813618597,-1.9242216813429596,1
2.4520241279781185,-1.0088323601592404,1
0.8820519403148894,-0.34195609889409,1
1.1018323241008785,0.42121365370159175,1
-2.3262384575432304,-0.3120386764837364,1
-1.33406195331907,0.23110404296349224,1
-0.3872060503234726,-0.6352149505084514,1
2.5775991487183405,0.8979014425198725,1
4.304683769920266,-1.3505603865977864,1
-4.5056066152894605,-4.5216527056667815,1
2.058822325732111,-0.842892036163442,1
-1.520585535846035,-0.8333297465004352,1
-7.632358559357535,-0.26332513179121225,1
0.5525302109788877,-0.9051858380411841,1
-2.214254832811047,-0.8400435735110577,1
2.759583321029891,-0.2594421722759368,1
6.016104098883197,0.06339385421560323,1
-4.175910390999539,0.2532482937663685,1
-6.86878592274286,-0.3825353921738102,1
-6.857124822501428,-0.39476620555485326,1
-4.23573099439286,0.26631344859728984,1
-2.607805718155898,-1.006224705487996,1
-0.1427388196418994,-1.2843057290584645,1
-0.6116165464742711,-3.0809298207940023,1
-6.964367057375317,0.03905828530968027,1
1.2700151731856009,0.4162719094367974,1
0.475700125800001,-0.697871665695952,1
3.017811336639014,-2.838091001239824,1
-0.25385651436534473,-0.305197254537477,1
-2.209311512751573,-0.9462298190313215,1
-0.6015949721500422,-2.624505574671466,1
-0.5656532604617261,0.6284033044657686,1
-5.489209947400165,1.07210621058568,1
-6.703604490149676,-2.5558763922453207,1
-3.164450555711641,-2.5788871338530646,1
1.0636247368400118,1.227434541065262,1
-0.30225378664401054,-0.730737892463422,1
-1.7478019762717263,-3.028777711527598,1
1.1063151381830243,1.928041491874554,1
-1.3423023170937696,-2.068172256033932,1
1.1774755637094763,0.10728187429491062,1
0.8125855112808035,3.443928005034165,1
-6.1995654166424545,2.6567424552116554,1
-2.0862682890694484,-1.3051885089326278,1
0.49516839635797427,0.6080296810938696,1
-3.1663442002384055,0.4049254783326205,1
-0.4119576987974915,0.23149867058462614,1
0.5791895468680148,0.9479725894054254,1
2.691427064296707,-0.5185949668085614,1
-1.42567373003048,-2.075108081962833,1
-0.12800849208692602,-0.3653036335251357,1
-1.5686020681931587,-1.2945946322458797,1
-2.890995987570247,-1.0982865431129445,1
2.268357997970008,0.3441768237923504,1
-0.7899474256796876,-0.9214483595674552,1
-2.57726817375188,-2.2104288121396736,1
4.6256926728659,-0.4040864674800489,1
-0.7554004794167587,-2.266446271289182,1
-2.4998809923781695,-1.6180257955132071,1
10.645929893186457,0.41786434091146185,1
-4.707917474521506,4.794449580776596,1
-1.5920995055281568,-3.1201886604663143,1
3.889484055317417,0.3055805935628391,1
1.0881907142890155,-0.7583775389443289,1
-0.5842498257201705,-2.538925476137966,1
3.87184568746919,0.17669688994895355,1
0.7468669873834392,1.0257354753677879,1
-0.41261380305372025,1.266474689902354,1
-6.440732487806015,-0.5004078269453115,1
3.7857122184014522,-1.2050064955134585,1
-6.366328270473051,-1.0082303782549034,1
1.6535193476442156,-2.1453024636747653,1
-7.323529699917224,0.159133367942559,1
-2.8771931365148617,-1.519394583717977,1
-2.1954260775610623,0.2568049734850073,1
1.0195788083047925,0.015037182612031023,1
-2.168203190811094,-0.010622730667050991,1
-6.5636987257727695,-0.3898258122610186,1
-0.9383148531484213,-0.27621284540923563,1
-1.9630212791221602,-2.049110309174665,1
-7.176694520522749,2.148748574059433,1
-0.059534682921646986,0.7466011025786349,1
53.128351667708664,-4.142372540112222,1
-2.982453304660585,0.2576439740365406,1
-1.0529545755766838,-1.192756195632719,1
0.09574331302943558,-0.42391935154773175,1
1.000314497632739,-1.5653699966743886,1
-1.5591285799427232,-1.7132885659917996,1
-1.817363871908734,-1.1801461994302358,1
-1.8668416409073403,-1.6259646480438523,1
1.8875058803007847,0.24279341567505203,1
3.736661518723698,-1.7174583795059466,1
4.698886945588136,-0.6550208827508146,1
2.7406096605245693,-2.035045534650069,1
0.24651189526270517,-0.38083552649025765,1
7.955798380004802,-0.9636908703049304,1
2.667765681159061,-0.8493426329127471,1
-0.5789481850508664,-0.26229311029927693,1
-4.289705846347859,-2.6784182538557646,1
-2.456647504997603,-1.8469491123212545,1
-0.034148919370695696,-1.7888864094305115,1
-1.0330623578392089,-0.12396641011151324,1
-0.4372777074124531,0.28052949723368953,1
-2.2251697471522776,-2.2429971270017974,1
-0.5915926937318514,-2.1229728696719996,1
1.1292762791529387,0.25195980507756094,1
3.2542019952472248,-0.010196417394740073,1
3.0678918858236774,-1.1809283895493086,1
2.783224803725726,-0.17416572716128242,1
-0.6615637446486964,-1.849799424940651,1
-1.435047644339688,-1.8278635597457342,1
0.20634890523221214,-0.370099357292454,1
0.3466188965621493,1.3400916959840026,1
8.198676853147052,-0.8758113254615474,1
-0.24042250323860712,0.4153456170955656,1
4.328145738675212,-1.2762908083361546,1
14.505722861106626,3.289385322657095,1
0.6069530959986804,0.8035850841325546,1
-6.959584100132135,-0.3540793882374139,1
-7.546242940504552,1.7028797933763038,1
1.2193730780941305,0.5330164739627907,1
-3.443329371661719,-0.6926305716272421,1
-1.993463212339222,1.4307854909192907,1
9.189162366383139,-2.0515993689175613,1
-4.226486491338275,-1.1291223613333503,1
-0.6833390615994788,-0.530160430325125,1
-0.47733579260950587,-0.5008520657457658,1
1.0756906614957296,-0.15302316292713955,1
0.6794980750678645,-0.49735162344273254,1
9.47082927546592,-0.5250287854461966,1
-1.9638129567729747,-1.248739289495771,1
1.0088495016401449,-1.403678261529788,1
-2.243120965557253,-2.752528751101922,1
-4.55340070875783,-2.8121750000178936,1
-0.3340242184350508,-1.2838178266429388,1
-5.806190794248675,-1.4715477970197994,1
-3.6278590549486123,-2.545101524654457,1
-1.5033659305318796,-1.7369971064171326,1
14.403834704548533,-2.159811200573114,1
-2.076391386800451,-1.2227965292891982,1
0.2879310981392268,-1.958983649145358,1
9.18454509561468,3.4723703350627204,1
3.3127677623229577,-2.541706900797353,1
-1.166501927275783,-1.4673352577643073,1
0.9890269920779858,-1.2396968149178222,1
4.461976108523464,-0.07239381813152704,1
0.08250110616240573,-0.3484949915212626,1
-2.2876599445779284,-2.5712478240721985,1
1.1846785716709112,1.0949776189577634,1
1.0549248457651113,0.5120976406536775,1
-0.3415798989899543,-0.39867439886778866,1
0.8871186956227816,-0.7739149805485225,1
6.749467368549336,-1.1708752628921457,1
5.008067119798402,-0.8551049437587401,1
4.396147322169518,0.10286587885936001,1
0.9407839093309177,-0.8209609621265005,1
2.518455802111821,-0.7542181309744549,1
-0.09847115696350199,-1.702647052157718,1
-3.0351099537933623,-0.1443923927235498,1
-0.01671032585482016,-1.9022706009830825,1
-0.4194983259932698,-1.7530952772336674,1
6.872400468613065,-1.0908466044182088,1
5.526961302116917,-4.030885668726094,1
1.251518321603052,0.1902339327668317,1
-1.5991917545369065,-0.7714545341222283,1
4.2073229248465855,-2.3760463590466054,1
-5.508638658023672,-0.8217981709890511,1
15.914473023548915,-1.6980081855258102,1
1.8254627872244902,-0.1516623390693741,1
-1.1073305832640652,-1.1500346026037607,1
2.6481196944374976,-0.8977506691462512,1
-2.8489102151644254,-0.946269632819526,1
4.106155250976917,-2.721458235640855,1
-2.902693624543801,-1.7659725861145665,1
-7.0770473414916975,0.5322188468879966,1
1.459136444585056,-1.5336424745275719,1
-2.5588724037475177,-2.120041889990269,1
-7.024717612793024,-1.2047321011761598,1
18.268166328564245,-1.256391448384393,1
-0.5161607187741128,-2.1146260188483685,1
-3.3563472137714347,-1.8776046036020813,1
1.0604379453302306,1.393935690690466,1
-0.42686838761395907,0.36875875968867766,1
0.19634021898614057,-3.349994857965116,1
7.800693794304085,-1.0844208234328065,1
2.6423817638889497,-1.3220315877212274,1
-0.905383053808834,-1.8701849251442415,1
-1.5119408733729742,-1.5124179196861278,1
-1.245731031210773,-0.2751198890812561,1
1.3198559579288633,-0.20803836579135518,1
-1.0127643868724527,-0.5261134218264072,1
-2.0324506278111,0.5135123264100261,1
0.08691684330692839,0.16071450731523396,1
2.541570937803496,-0.5512663858342882,1
0.3100197168927392,-1.3488707820372716,1
-1.752780327595703,0.333605335732604,1
14.467208302859822,5.529495625852471,1
-7.249273651968895,-0.9386044219930022,1
6.455003504984583,-1.9397919288327097,1
11.677871535942888,-0.8579584239433269,1
6.1860487587163275,-1.3245990827877774,1
0.16247078378604,-0.7274318465128832,1
-6.494321524526286,1.3818762922643784,1
-2.1710066436234996,-1.2699749049810514,1
1.7751185952455981,0.029243872119597066,1
-2.1005801896612994,-1.5865549045112988,1
-0.6388371653073707,-0.6724114238518764,1
-2.1908346287114875,-2.400142219562607,1
3.566911740056492,4.457454887335448,1
-4.113990681840267,-0.2456082681189545,1
-6.898975124333429,2.017935674234906,1
-7.059461598401043,1.0439944019103824,1
-0.9724612472319308,-1.6596424660611104,1
-7.279582155157167,0.4572466364050223,1
-4.847126980574673,-2.043801103287762,1
0.6207990770943572,-2.9899983435781445,1
8.031430022999729,-1.2701667287595717,1
11.172397702670676,1.573461949459692,1
1.807843046817598,-1.0574507962551325,1
0.9783083195011302,0.734671418914319,1
-1.5140727871009305,1.560499198122638,1
-0.8393023170418935,0.20552351612240946,1
-2.2067833669812695,-0.6892121140050528,1
-0.6212835139192331,-3.162013907025166,1
-0.5777915536372532,-1.808750639236494,1
-7.100364921738502,-1.0092372577250435,1
-2.7758652792579857,0.5527043256076378,1
-2.0457937904641748,1.101146779699079,1
-2.364170737459183,-2.0217073565538284,1
0.7623798478815096,-0.8475282354076336,1
-6.938830514059085,0.20157776566508828,1
1.2996402835599026,-0.4621260825151385,1
-1.1421585358305733,-1.2561281658945662,1
-2.3495847852933447,-0.1425333749722242,1
-6.59635538590392,-1.698582602042053,1
4.171813470722647,1.0184040974646849,1
-4.494023475686486,-0.9542933847076398,1
-4.372765779267642,0.43962459433976925,1
-0.4041221900301424,1.178854113238563,1
0.9958845585206486,0.9068055515703212,1
-0.08336091671360699,-0.9659517592877952,1
0.7497415470730433,-0.07590471414140693,1
1.931880208130255,0.6332919585152017,1
-0.8208694863581191,-2.8074784199835743,1
0.7870668067613057,-2.2885911222849193,1
6.650859006830054,-1.6777674685855604,1
-0.31049917522656206,-1.7248811926053718,1
-4.229309496157168,-2.388335321903145,1
-1.0298135865584006,-1.393270523342556,1
25.767603093110118,-1.160387738540041,1
-3.593449624785806,-1.198975863170364,1
-0.8142817932373211,-1.100887917334461,1
-1.0859794008418415,-0.8263337206071286,1
4.912376431109353,-1.0590760265611787,1
-4.8193640654400225,1.972457066521274,1
-0.6624249436368406,0.00680624535144521,1
10.837319827945908,1.4903539978560958,1
0.7873514229838179,-3.3117976509911538,1
7.050539456653108,-1.2048832901294668,1
-1.3156470641414546,-3.475349825872085,1
14.016389007551462,-2.0083930813777964,1
9.513505898099499,1.817430829572169,1
2.0854249887304808,-1.5786398518850986,1
1.6943722038802764,-1.908777164642997,1
-2.1777015354096485,-1.9742365643980797,1
-3.530681426578094,-1.382361914368211,1
2.461659545966143,-1.1488351356463253,1
3.206548967849067,-1.5551856606055527,1
-0.45595055802555245,0.032938091808092096,1
-2.4449073427676247,-0.43406520376580776,1
1.2270914520888303,-1.2681065916525038,1
0.4200064226470943,-0.43601235163517915,1
5.733227508596002,-2.2496563867534682,1
-0.6082272616734778,0.08477904720831657,1
0.5327554700588409,-1.3864256473064203,1
-1.2367255956442225,-1.0289011372694479,1
-0.5224301072136871,-1.2552948211534094,1
0.37036467199011247,-1.2104934754762167,1
-0.15164322849619555,1.235620799323817,1
-1.9071887545178823,-1.4669761561585406,1
8.538640215891423,-0.8534473881089979,1
6.37723515583887,-0.830099758034056,1
-2.0931658015099788,-2.781239411780212,1
0.905709609581352,-2.9112760981285137,1
-1.6019822926979121,-2.018137807237069,1
-0.3048493193683252,-0.8786991816450344,1
-6.413060333058531,2.712064877753381,1
6.67233201470486,-0.7267076369269273,1
0.26599442360944325,-1.6769421183042188,1
-7.141308996459427,-0.5864687762179149,1
-2.7814538974872995,-0.18204465816770463,1
-0.04072933729363739,-2.5904976229438965,1
-0.06775099048131321,-2.4794666846818783,1
0.7896886671965072,-1.9358791312192012,1
6.090373952817489,-1.4902562544749718,1
-2.223715529326624,-1.989090961769062,1
0.4260401244703941,-1.4614121311210395,1
-0.4691590298995823,-0.6700791447135999,1
-7.095548165219795,-0.9351812641004518,1
1.2694910952711556,-2.410344315586777,1
-2.0892691744800693,-0.4178468598495835,1
-1.2846511878249702,-2.59560038007206,1
0.960457262985623,-0.8163960150568336,1
-1.9154646824090478,-2.63529928288118,1
0.9588629111280864,-2.438834263862587,1
-4.6781336925536765,-1.7686957815627056,1
-0.0707334043639843,-0.23724124941552047,1
-0.05135682403204828,-2.5301639222615973,1
2.703747121393539,-2.1250626158204406,1
-0.9948403919844626,-1.0929199359625046,1
2.3693698294657617,-1.2357532761613512,1
-3.1871148506620384,-1.0935870517376192,1
-2.313558019133581,-1.1360237752392088,1
-1.6254271601376724,-2.6168512411473674,1
-0.9933631887074099,-1.4536525471408976,1
-3.4349455247508662,-3.7163445413638865,1
